LIGHT INTENSITY,GAS VALUE,HUMIDITY,TEMPERATURE,TIMESTAMP
118.67961070115848,932.3028815520586,41.30909449842035,27.49084443019432,2025-06-02 10:02:42
351.54429144196365,956.6547131007343,41.74607334818709,27.76959731129253,2025-06-02 10:02:45
1111.5345751206987,923.9524346989051,42.37085691921054,27.827817115745418,2025-06-02 10:02:48
1815.6793825384811,957.3291139274872,42.95386183808411,27.46352860853445,2025-06-02 10:02:51
840.6339154200274,981.5704783027146,42.633500602100746,26.417467547333743,2025-06-02 10:02:54
1127.2458484854537,1014.2376941564372,40.69564274694246,27.65665166832821,2025-06-02 10:02:57
-218.54887537315904,977.3283131289064,39.85857249501174,27.384550859387776,2025-06-02 10:03:00
433.6726968108296,944.7556564245438,41.91649775175119,27.91106788080666,2025-06-02 10:03:03
2038.4267001042485,913.2504726230168,42.19698689820651,27.208078412032044,2025-06-02 10:03:06
378.829108206059,1010.1786930510812,41.16089184252423,27.383583618242373,2025-06-02 10:03:09
1151.7709771820632,979.5571832540976,42.28886130945987,27.090969003638193,2025-06-02 10:03:12
421.67508797929895,957.9568173080621,42.20634231604906,27.067589071080786,2025-06-02 10:03:15
1070.7376537059158,982.3239231045517,44.29158365936347,27.461121563098267,2025-06-02 10:03:18
8.483267243281261,1047.2274784429085,40.41676630490367,27.52665829247913,2025-06-02 10:03:21
1224.429429563071,1008.3726639895232,43.02398931687256,27.815652876052077,2025-06-02 10:03:24
-263.2406158188527,973.0096526178576,43.68128224558488,26.957099475350123,2025-06-02 10:03:27
971.8883748973848,981.481501137334,43.10428438569013,27.455257559984062,2025-06-02 10:03:30
-787.8759407312906,976.9927102477631,43.95417130490306,26.58069895256002,2025-06-02 10:03:33
2413.2537131424574,1005.2065855142457,42.10083981206983,28.06290049817634,2025-06-02 10:03:36
-404.22350942353944,1034.13245964925,41.46404422158965,27.97616194232562,2025-06-02 10:03:39
677.4089267410454,938.3162336314653,40.359725918072364,27.851049653283134,2025-06-02 10:03:42
534.3538817681,1038.2886926202073,42.59768479901088,27.16353389957654,2025-06-02 10:03:45
-438.3689643712918,1033.3985507552095,39.70461221130065,27.65305024135101,2025-06-02 10:03:48
2073.132124718793,1050.137457004213,41.3064583303098,26.89854527586387,2025-06-02 10:03:51
846.3540298274908,952.038146892506,42.61113694646212,27.018183386670312,2025-06-02 10:03:54
-330.01849527460126,944.4491280585527,42.29290695455002,27.40431123210488,2025-06-02 10:03:57
626.863684683995,975.6617633955824,42.07997334787226,26.669941839717247,2025-06-02 10:04:00
426.1810349950279,1000.5373626333172,41.62862542156538,26.85294077193482,2025-06-02 10:04:03
-478.98363818152677,951.9812183679813,42.33645326947495,28.695335117392208,2025-06-02 10:04:06
470.06227959757257,962.7161037129792,41.77809466101507,27.33695099108891,2025-06-02 10:04:09
799.3118167591041,1067.1586624342265,41.52583198483935,26.79367175374682,2025-06-02 10:04:12
615.9845838636194,1027.7071928273026,40.69320268201324,27.407689247308415,2025-06-02 10:04:15
355.29392644808394,922.3601325375482,42.08869497161441,26.451553893004313,2025-06-02 10:04:18
762.5615649155303,1004.8249204531309,42.187937735472936,27.546596390592434,2025-06-02 10:04:21
-823.6624595105717,977.5258482194569,41.328271088606776,26.586658376238656,2025-06-02 10:04:24
679.108262788048,959.8736258899364,41.85772189524636,26.923801996434662,2025-06-02 10:04:27
-581.68766577795,978.0903871354423,43.449913130361,27.73389971800597,2025-06-02 10:04:30
1386.114485682407,986.7354024517178,42.565292317473364,26.71520933048114,2025-06-02 10:04:33
616.8276171491973,991.1655661288494,41.97601813990643,27.418166280065563,2025-06-02 10:04:36
165.02619939101868,960.5564212941626,40.51925767828,27.753977575188703,2025-06-02 10:04:39
655.8635812375562,978.4306721927871,41.16379677728545,27.24828714028946,2025-06-02 10:04:42
-230.47468671273543,946.2849495243421,42.83035513698435,26.9949006190643,2025-06-02 10:04:45
521.9357399764168,980.7142461460304,41.3377428680353,26.885835275305805,2025-06-02 10:04:48
488.85845198279424,1030.03709339064,42.94317081850855,26.622353763153612,2025-06-02 10:04:51
475.90163020220245,992.2919770078893,42.08154943232987,27.19480202370978,2025-06-02 10:04:54
376.7819125991972,977.3537096843088,42.03286878068789,27.623390542942555,2025-06-02 10:04:57
209.20700863942028,1029.3166635264706,40.821800501141986,27.28527363795913,2025-06-02 10:05:00
941.0910117406315,968.3349801455978,43.03891711022233,27.312106930411414,2025-06-02 10:05:03
790.311433652917,999.7724289527131,41.142625814111994,26.661757468117408,2025-06-02 10:05:06
91.43691316342557,961.0385988984824,40.46779741213808,26.536484096478357,2025-06-02 10:05:09
1222.7364595841932,942.8019558443865,42.00362788643296,27.807028122697,2025-06-02 10:05:12
539.1639674368897,999.9128020217681,41.36283033024153,27.034714866608905,2025-06-02 10:05:15
630.6965988226501,1011.4911949585331,42.29782262088887,26.82166443428624,2025-06-02 10:05:18
924.5453665537,991.782738481926,42.267228775659355,28.180022463103356,2025-06-02 10:05:21
-500.73391614560603,995.8218129557448,42.8348080605332,28.3761574130057,2025-06-02 10:05:24
1625.6743714125387,978.4625107003154,41.42809638536604,26.9548051178923,2025-06-02 10:05:27
-306.43849033098377,1009.0256090397844,42.49303948436523,26.78856552204291,2025-06-02 10:05:30
220.46473775754157,1002.7087952111345,42.402535533608926,27.874382892948194,2025-06-02 10:05:33
1129.2408947925715,949.7275150428043,40.785077395961444,28.140934386467716,2025-06-02 10:05:36
731.0017331452344,962.286151304554,40.70856903590224,26.620817148641127,2025-06-02 10:05:39
1043.5310160086779,982.6056384467603,40.48024842076464,27.335821137760806,2025-06-02 10:05:42
565.504239430681,951.431576087466,41.577938307733234,26.690578734464015,2025-06-02 10:05:45
450.3039261149741,945.5706313183214,41.73281616414067,26.822395948098052,2025-06-02 10:05:48
722.149314512516,940.9809431991845,43.49068424245022,26.897402509346175,2025-06-02 10:05:51
41.36047597892434,1012.6880921519657,42.242498646216774,27.012556256357506,2025-06-02 10:05:54
1662.3110500290595,943.943763311657,40.912584311924626,27.180077186436776,2025-06-02 10:05:57
307.81653338393073,940.6008303404013,43.47104405765802,27.62124989271897,2025-06-02 10:06:00
882.0578140960146,951.9172004788333,41.92958005598921,28.074250120335254,2025-06-02 10:06:03
1060.8777214504155,964.3626881184473,41.786871520876446,27.38785792256559,2025-06-02 10:06:06
841.1201956692532,1007.8173828110935,40.704212050622026,27.54344915802356,2025-06-02 10:06:09
782.5114234609407,963.407573662241,41.522768652163684,27.554249827603694,2025-06-02 10:06:12
-346.90037636648276,1020.9639949882257,43.53150275055242,27.986985290897035,2025-06-02 10:06:15
685.7383776051854,973.7359663321167,40.495110888075615,27.0581357357599,2025-06-02 10:06:18
437.583556290394,979.482888437294,42.167225192538645,27.91746924430629,2025-06-02 10:06:21
337.87373474282117,995.3444015176723,42.349091167613636,27.36545887647909,2025-06-02 10:06:24
395.9025491792397,960.7048111505558,41.85946701909248,27.179540875984213,2025-06-02 10:06:27
803.611776234744,924.7969936533033,42.657277715907405,27.47463508899123,2025-06-02 10:06:30
-582.9073009296595,948.9526720849225,41.97539110417894,27.72698145648536,2025-06-02 10:06:33
1445.9875866112861,1016.8832743161387,41.509607729853336,27.472957067300168,2025-06-02 10:06:36
-1331.320349284691,1031.0247463724675,41.838715241839566,27.0929140662722,2025-06-02 10:06:39
992.0947048339615,1000.1311054976464,42.61723873383502,27.513523504878712,2025-06-02 10:06:42
453.73919604022933,1033.154206413564,42.81772599694525,26.88514903433717,2025-06-02 10:06:45
660.0154532207694,1069.1969568205077,39.785162087173816,27.021731504742835,2025-06-02 10:06:48
999.7115591809558,965.065925825605,41.71506920855024,27.611001019848704,2025-06-02 10:06:51
883.4393809607873,956.622129380265,41.61559642298322,27.930186447368097,2025-06-02 10:06:54
610.5648522440764,978.748584720064,41.22099495397612,26.55384211053648,2025-06-02 10:06:57
1283.0782980497233,977.5870239739445,44.603081613015036,27.87483072203399,2025-06-02 10:07:00
870.0072855102308,978.4374052706372,41.621848979852835,27.919841674575665,2025-06-02 10:07:03
1974.0733975239955,1002.289952584432,43.23305005612889,27.448166554561062,2025-06-02 10:07:06
-895.4746796906135,969.8769224224868,40.98819806436502,28.445130562797836,2025-06-02 10:07:09
-1260.106103380857,957.5086541791619,40.48053336913933,27.182253805735463,2025-06-02 10:07:12
824.6386870269878,996.1449436805191,41.121845934666524,28.07116930043371,2025-06-02 10:07:15
470.28024748216205,964.2534027546435,41.66703563398643,26.41974462604106,2025-06-02 10:07:18
495.2377404993636,979.6006046741836,42.91928657864106,27.07336668160785,2025-06-02 10:07:21
1485.7725755137428,987.1782324530463,41.33031663534251,28.18443251786084,2025-06-02 10:07:24
1311.58900897108,1071.6914838525315,42.70017651127662,27.385611732093025,2025-06-02 10:07:27
64.06628561872878,998.4248655377653,42.90701280701016,26.88357397758907,2025-06-02 10:07:30
255.63080875550872,937.2447792461606,43.726466468933104,27.42438936687309,2025-06-02 10:07:33
-1557.008281562782,1010.4967759247619,42.255165423245096,26.903067980522458,2025-06-02 10:07:36
957.5399871535783,993.6884800870411,41.40309142833034,27.495565416556214,2025-06-02 10:07:39
528.6982923640152,1046.974795099561,41.59754018163134,27.527868074329085,2025-06-02 10:07:42
1236.890652412931,1012.1491088824234,41.86413853237832,27.37555717305559,2025-06-02 10:07:45
979.3273548295346,939.8016428387356,41.15476301339617,27.1614071029596,2025-06-02 10:07:48
977.5016682903952,1004.5101074982584,41.352388351728926,27.339205024707496,2025-06-02 10:07:51
822.3367602687799,987.921161781711,41.31669316241771,27.733294817410552,2025-06-02 10:07:54
2235.4693362312696,1006.2065740743808,43.578269882514206,27.34455845276472,2025-06-02 10:07:57
75.37095427941495,985.4966452489197,41.31698584271862,27.738757389768583,2025-06-02 10:08:00
1386.3091539412192,977.4778902295106,42.56947233043656,28.358564254223293,2025-06-02 10:08:03
1239.635237079058,1000.1841993086364,40.986254635109965,27.350325952017084,2025-06-02 10:08:06
237.1952211033888,1062.6346818746324,41.705800282400396,28.12902003889295,2025-06-02 10:08:09
1006.9347409606885,921.3979601181001,43.57710484406851,26.972795732596083,2025-06-02 10:08:12
885.155046737103,1023.1835324351152,42.38998067979677,27.290869574134035,2025-06-02 10:08:15
1678.3057118855927,966.3385533162218,41.86124588498416,27.21265632705552,2025-06-02 10:08:18
1408.4535319908962,958.120955713913,41.27934363255086,27.73353372153569,2025-06-02 10:08:21
188.80260407912817,955.7097553692829,43.54141080914043,27.142295839124987,2025-06-02 10:08:24
417.92407509716713,988.4599681643919,40.80006158898608,27.060605427531627,2025-06-02 10:08:27
1532.9304502447408,984.6517978017456,43.31062341633861,28.080717816807603,2025-06-02 10:08:30
-953.7920960987573,994.6719404802727,41.053926176321646,27.300099814665046,2025-06-02 10:08:33
965.1303806298873,1001.8809286246654,41.43003279424411,27.24044840029166,2025-06-02 10:08:36
791.0112149257906,959.0356826915307,42.77277714409955,28.701957600927994,2025-06-02 10:08:39
939.6688357981487,959.9538629231794,41.24042835431203,26.87524609728988,2025-06-02 10:08:42
277.3598393947348,957.7505788771898,40.83694582519993,26.92503721271574,2025-06-02 10:08:45
281.86704315098103,990.517627482367,42.63166361349445,27.2359627731207,2025-06-02 10:08:48
404.65488576081157,917.1915385891494,40.91525770383952,27.392646668518964,2025-06-02 10:08:51
-345.0110585432054,959.68972447406,43.177522206441644,27.331171412451997,2025-06-02 10:08:54
-976.2493977721373,1029.466650300868,40.88305229019466,27.017753499676868,2025-06-02 10:08:57
-153.71012267868184,954.0455778919389,41.37988673312746,27.599374763887557,2025-06-02 10:09:00
250.65534985747507,982.317259520508,43.98923736587923,26.70089591327722,2025-06-02 10:09:03
1593.091200403353,984.8038772577515,40.37001246466523,28.216242009989784,2025-06-02 10:09:06
668.7708016833113,1010.3266894701289,42.06607738270511,27.30755053941518,2025-06-02 10:09:09
941.1661927898332,1016.5300184650266,42.108097939879826,27.77889945214095,2025-06-02 10:09:12
693.8719257925482,935.611303103628,43.69972378167971,27.366615714867077,2025-06-02 10:09:15
-629.6057000304999,950.1863273323041,41.84942105149214,26.80919384963486,2025-06-02 10:09:18
870.546788867859,978.8329679371271,43.50620644491888,27.84562090276988,2025-06-02 10:09:21
1441.406367076554,969.4230018729504,41.986446518282634,26.68348956348476,2025-06-02 10:09:24
1199.836206025905,993.8144616095552,41.16579005488719,27.058057135414273,2025-06-02 10:09:27
215.47124724225927,997.2563116598104,41.71814582935081,27.548854995164028,2025-06-02 10:09:30
919.2637919233387,983.0110173409769,41.30055299463584,27.948282254210618,2025-06-02 10:09:33
1011.4284047902918,1011.8992411403392,43.19476424664028,27.826414878407512,2025-06-02 10:09:36
546.8129958318664,918.092986380708,42.16225064770933,26.929012096915724,2025-06-02 10:09:39
497.0712989263075,990.1248312905788,40.84521632308739,27.333201851811793,2025-06-02 10:09:42
-989.910779733532,962.6602545461525,42.552715162358595,26.99015837908299,2025-06-02 10:09:45
-12.470367153618554,969.1606590352435,42.906716963912935,26.93116963037964,2025-06-02 10:09:48
2052.8603258562844,993.766924153098,41.34419693813334,27.478939363629216,2025-06-02 10:09:51
1213.9642762602045,923.4098633997327,42.06449949672665,26.907744653097772,2025-06-02 10:09:54
-51.797906622230585,1020.0681020911377,41.46745874496327,27.678065993827328,2025-06-02 10:09:57
1143.3106057462712,999.897060296098,43.13879242514048,27.271799104827974,2025-06-02 10:10:00
-126.24140582571988,1015.3740359312161,42.3638471699782,27.14338878417769,2025-06-02 10:10:03
-557.2557187206345,1001.7918923984021,43.90823676879516,27.78171971573828,2025-06-02 10:10:06
945.5511850558006,930.7789984562193,42.94233349425057,27.551849857332904,2025-06-02 10:10:09
1291.9641443135843,1008.3187908994362,43.84317544014965,27.899495807332276,2025-06-02 10:10:12
348.0148402073497,1053.2004321475665,43.35623257335898,26.849099759672455,2025-06-02 10:10:15
743.8153533678643,993.2285403515817,41.42548388081398,26.987546935528805,2025-06-02 10:10:18
1641.769712800438,974.4152050902028,41.2653595411103,26.76159245992047,2025-06-02 10:10:21
939.1488832699501,1008.325335496493,43.9447493996237,28.201208714852,2025-06-02 10:10:24
1602.5281605764271,1082.5074347270793,42.66274016721563,26.931417580407643,2025-06-02 10:10:27
1084.404197627442,1018.1919690871578,41.77402113267492,28.256099948483875,2025-06-02 10:10:30
216.7122052396972,981.6904951614038,42.65568972901642,27.009615511326025,2025-06-02 10:10:33
186.54672144518872,921.6698131725854,41.58232430124423,27.31184639461338,2025-06-02 10:10:36
130.0396749668165,1009.3329307941219,40.45778428503687,27.018650630267697,2025-06-02 10:10:39
796.7625856878499,987.3398082800392,41.68865190644777,26.753893538693895,2025-06-02 10:10:42
563.2948544833993,993.0888221789618,40.97517926630554,27.69538573137236,2025-06-02 10:10:45
451.0490518528208,989.3418532430738,43.54184178571429,26.323477084608466,2025-06-02 10:10:48
-207.56490788470398,1026.7778948538157,42.99661588978946,28.48488097326028,2025-06-02 10:10:51
-139.95133955417123,969.9496476946407,43.97101763873347,27.14088435185714,2025-06-02 10:10:54
547.9516169936553,968.1589769162969,43.01103454306415,27.169217401549062,2025-06-02 10:10:57
281.4956539244674,977.2471025357665,40.9471687667592,27.040171948753656,2025-06-02 10:11:00
115.97592720162152,1003.7308897891864,42.3312290454369,26.94161869344351,2025-06-02 10:11:03
-699.7408651079926,975.4336577373896,43.199152397709696,27.482480721429475,2025-06-02 10:11:06
-33.93905704638894,1002.9228698982508,43.58177280180683,27.65185911281968,2025-06-02 10:11:09
-353.08789525576174,995.5662352138111,43.724793478448525,27.472444066592804,2025-06-02 10:11:12
633.707779339019,1006.6001651089044,44.73690279168796,27.073087830591476,2025-06-02 10:11:15
1274.3874750329433,966.0049030992112,42.73852814398167,27.596928256761096,2025-06-02 10:11:18
264.3082487012026,983.0358700207379,41.28552296586081,26.87593660912463,2025-06-02 10:11:21
535.2019650759074,935.0323259573992,40.61188656156977,28.180408405733612,2025-06-02 10:11:24
-31.922198720366396,898.3988108840824,43.04849568278942,27.04241816792207,2025-06-02 10:11:27
413.3199841466701,963.0870717354635,41.728944736965715,29.314824131635696,2025-06-02 10:11:30
684.2710500146121,978.8446578149757,41.36334799586519,27.45999803566272,2025-06-02 10:11:33
69.56911537127507,937.6829191487882,41.82894066870131,27.70032573321743,2025-06-02 10:11:36
727.5936501995623,999.2787434956277,42.81082274902478,27.82538483992035,2025-06-02 10:11:39
348.14788344009963,993.2451446917864,42.564914657014114,27.117949013687575,2025-06-02 10:11:42
307.2591215182975,941.8658647109025,41.728030028605666,27.269877631418645,2025-06-02 10:11:45
994.4366467475681,978.802321807256,41.97461812082125,27.071035950920344,2025-06-02 10:11:48
553.4152271861897,986.4126300627697,41.88056168365674,28.104030935367465,2025-06-02 10:11:51
40.94391404260443,1005.9696467708106,40.79618222975368,27.706840865043326,2025-06-02 10:11:54
-104.61157776631705,944.6102556775144,42.931652596186936,27.373877799171794,2025-06-02 10:11:57
1196.1869473444476,972.0139955713225,43.19860986747802,25.675382818400003,2025-06-02 10:12:00
729.2113482010375,974.2139866340414,41.957598299109705,27.35546387440816,2025-06-02 10:12:03
-2.1041707855464438,1000.0825826665143,43.86880131883769,27.48517231762784,2025-06-02 10:12:06
645.7258061914955,943.4609422319121,41.372661044997486,27.244840358739474,2025-06-02 10:12:09
819.4047154619998,998.0095791715607,43.607008631347405,26.6304679189998,2025-06-02 10:12:12
2051.5897870827685,1016.2576077350759,43.86597774630354,26.793480209055215,2025-06-02 10:12:15
215.56077163627867,1022.1713649949559,41.5037974256297,28.1394223596766,2025-06-02 10:12:18
-68.91597152830252,978.3026952137739,41.56061307482661,27.378584419459315,2025-06-02 10:12:21
835.9417135669521,969.813609811155,42.35402135020143,27.22540973737907,2025-06-02 10:12:24
205.88414978305627,1015.8150614042917,40.01625499635702,27.830890903411884,2025-06-02 10:12:27
448.4025231637868,986.0103479537843,43.718937102145986,27.77854382912649,2025-06-02 10:12:30
548.1323517572691,987.8076945126305,41.81551343485346,26.99876138138684,2025-06-02 10:12:33
828.5991711040779,929.6796108619495,41.806891182938855,27.538409814800076,2025-06-02 10:12:36
1020.4077906010008,997.7227861274799,42.590042967211836,26.76991201124464,2025-06-02 10:12:39
1232.388157249684,973.1015114641247,41.18797177706904,27.413342324356307,2025-06-02 10:12:42
693.4741543882361,1000.6547288844993,42.085543041740536,26.358901392965585,2025-06-02 10:12:45
-789.413429603481,1042.3360522962053,41.03083613420844,26.98098363788674,2025-06-02 10:12:48
430.9601945167216,983.3477082239247,42.0153067058472,27.051780026287986,2025-06-02 10:12:51
333.9211804588806,1012.4889909820726,43.335588426534066,26.982483683643242,2025-06-02 10:12:54
-117.5975229001798,975.69443848642,42.44134815816816,28.193015508962002,2025-06-02 10:12:57
-91.85764002610188,980.6135246535553,41.47038291538435,27.63138018823129,2025-06-02 10:13:00
-232.31453946562772,946.6847638501262,41.54893588241248,27.15815015767558,2025-06-02 10:13:03
350.7473914659855,958.9377790177946,41.52061463658646,26.98768861675235,2025-06-02 10:13:06
-275.4125446335147,1002.6278210619005,42.95057911513456,26.921908448867256,2025-06-02 10:13:09
-481.86730204277353,958.1238978316583,42.339564730471274,27.674832859466907,2025-06-02 10:13:12
872.5591272324086,916.737661948527,42.82732733830479,27.722208285899868,2025-06-02 10:13:15
-211.6820581626023,1002.0937323508948,43.96980698923741,27.261190611371287,2025-06-02 10:13:18
1375.7953647447007,1000.3237222363064,43.00973849594334,27.1246107676083,2025-06-02 10:13:21
832.1567967757359,985.9525888382734,43.312776965212684,27.202587566575446,2025-06-02 10:13:24
401.79896480823544,1014.0666627527346,41.23651539805127,27.904328840370745,2025-06-02 10:13:27
1047.486733581478,947.7672793902766,41.655786941427706,26.83203946794719,2025-06-02 10:13:30
-14.237823802151183,1011.5079858386393,41.73479167086602,26.65544117127275,2025-06-02 10:13:33
1123.1250561278462,1031.345072814019,40.28262672419994,28.333056316167614,2025-06-02 10:13:36
1967.243426274153,998.1681984526593,41.04413802403341,27.64477865775293,2025-06-02 10:13:39
-124.87929651223112,972.1647357434075,40.56946853376125,26.78089641669657,2025-06-02 10:13:42
365.59881146793936,1025.636931508742,43.1465746075688,27.832380096298778,2025-06-02 10:13:45
636.4801767888902,1093.0935040650681,41.642017011527614,27.104770086776952,2025-06-02 10:13:48
-478.66217205728447,994.6475679346996,41.16856701287329,26.838161566810413,2025-06-02 10:13:51
-816.7433398775139,1048.040542131303,44.949188830054766,27.177136328575966,2025-06-02 10:13:54
1555.0937172779222,954.1318310749322,42.6247024309785,27.291397950795318,2025-06-02 10:13:57
316.24441470304595,1018.3205515689187,42.244364948040015,28.01734771921767,2025-06-02 10:14:00
-202.91966796867757,983.1878361500321,40.03134755436409,27.04693443714138,2025-06-02 10:14:03
359.95072739242994,946.5641018511161,42.23455267281498,27.511646282684254,2025-06-02 10:14:06
-157.288969049083,983.6977591109273,43.60599008520096,27.859042853100718,2025-06-02 10:14:09
1124.9468424485176,923.8153707950435,43.273558042350935,27.99090677913667,2025-06-02 10:14:12
2196.01408802399,992.1488710375676,38.5402927751736,27.06497231462298,2025-06-02 10:14:15
792.9228396338341,959.8873722785647,42.47561764111223,27.364220361691242,2025-06-02 10:14:18
-219.84173377270838,1001.5093036076473,40.059717288845675,27.2682376326687,2025-06-02 10:14:21
502.561127011568,988.2690817186365,41.643438932129335,27.961400617195356,2025-06-02 10:14:24
-952.173123259604,950.2918872913309,41.29275023880645,27.10847376272597,2025-06-02 10:14:27
-495.3862215806113,1008.2258074496596,43.91056406826769,28.470604716956846,2025-06-02 10:14:30
508.0813106437245,1055.4776859600954,42.97483226795221,28.3200306776473,2025-06-02 10:14:33
215.85575679518593,959.1197586495392,40.945656230621296,27.422550425010336,2025-06-02 10:14:36
807.2322192388784,971.4765309400234,41.045565353048076,26.75052897632588,2025-06-02 10:14:39
551.1337506949432,947.9319360932967,41.31017901640374,28.10626023698401,2025-06-02 10:14:42
750.6608500273354,1029.5611436896029,41.89431662938121,27.794940739945375,2025-06-02 10:14:45
1536.2886067547447,972.4880073897193,42.81465641652516,27.95174200827369,2025-06-02 10:14:48
-700.5646552076633,1089.7397188477717,40.68408017509994,26.953339719696437,2025-06-02 10:14:51
-126.23866895380195,985.8687303797382,42.00976005846619,28.03024946402884,2025-06-02 10:14:54
1442.691321715104,1026.2952625067119,43.85482379475621,27.447376470233802,2025-06-02 10:14:57
1643.440472044415,964.0582616902475,41.991212054911934,26.8817138161781,2025-06-02 10:15:00
42.527757978867385,938.4324272964723,43.60982886722625,27.241513489090003,2025-06-02 10:15:03
1103.1461597745365,924.8622291206092,43.181967268489664,27.445723659402287,2025-06-02 10:15:06
520.2384053725642,950.5702554217713,42.28391200988137,27.758231694601346,2025-06-02 10:15:09
893.6373963070733,973.1854034560249,43.00258548144101,27.11949201352896,2025-06-02 10:15:12
419.8926365733123,954.1998591440675,40.568770469885976,27.060645725871083,2025-06-02 10:15:15
1485.4807743089964,996.2349481526131,41.26107103797962,27.977432667414607,2025-06-02 10:15:18
929.6354832887578,979.6795668877743,42.64162922215449,27.82275868793232,2025-06-02 10:15:21
1335.7754376679597,1018.6059063627612,41.29573198958681,27.908331782019037,2025-06-02 10:15:24
969.9333232262125,1003.6744638126827,42.50701161798587,26.68341508063692,2025-06-02 10:15:27
126.14517586604188,975.4248671087536,43.17423429224251,27.131932251350307,2025-06-02 10:15:30
583.8019777919374,960.1949913773904,41.35009704327845,27.429006204046264,2025-06-02 10:15:33
-324.55867444542116,970.0311485891658,41.81723013846326,27.815573065443957,2025-06-02 10:15:36
733.2851884604546,960.1008746053434,42.004735552391615,26.714976819968,2025-06-02 10:15:39
139.3465224396063,1001.940865758966,41.59711908306168,27.512198358533308,2025-06-02 10:15:42
1293.4089679732801,989.8544570041871,42.94241060090776,26.941249306300147,2025-06-02 10:15:45
546.8991812470327,1004.2614817064708,38.76919492519944,27.153161566743847,2025-06-02 10:15:48
56.37878312757846,984.0245362913475,41.45954232585947,26.771988961967672,2025-06-02 10:15:51
1411.9763375229227,1023.2850658147742,42.79628333715676,27.57520512893396,2025-06-02 10:15:54
1525.8999259865163,920.529343330622,42.84161069651467,28.204393677545458,2025-06-02 10:15:57
956.979282554678,954.7105355162195,43.10757609471264,27.07494961659867,2025-06-02 10:16:00
739.504999478509,944.8034110998829,41.83677187411766,27.06923257830294,2025-06-02 10:16:03
357.16070502378386,968.5399999533503,43.09282608907555,27.191001194844624,2025-06-02 10:16:06
428.8063586492241,1039.7050138533123,41.922237396463835,27.87497251971158,2025-06-02 10:16:09
-243.74581660328477,1028.5506021195304,42.31511339893878,27.296638980683237,2025-06-02 10:16:12
191.56668598797955,1033.56223951295,42.34655389522996,26.992802558771917,2025-06-02 10:16:15
106.66116885948202,1033.2190576157075,40.960176471969234,27.694912702524874,2025-06-02 10:16:18
1030.7770893008137,1005.6311012163686,41.74356850639964,28.01654753442591,2025-06-02 10:16:21
-125.50604092742515,963.6403652908061,41.99003326834618,28.511583316051258,2025-06-02 10:16:24
967.9852964617389,967.7595959598726,42.14106051035087,27.578659120958523,2025-06-02 10:16:27
273.0929069870455,948.3296337915407,40.94325378843257,27.23684071086297,2025-06-02 10:16:30
1295.0514859243808,995.5292817995708,42.31912591801159,27.007670639488005,2025-06-02 10:16:33
571.0708998818965,983.683005103573,39.35211942335736,27.458243295902616,2025-06-02 10:16:36
753.4122788917924,1008.7952096047459,40.934144811757136,27.184375700167045,2025-06-02 10:16:39
17.669134218691283,1021.3051992486076,42.149045300631734,27.59919514257047,2025-06-02 10:16:42
1023.7604128196378,1032.2460311521252,40.006469680218174,27.593358018900005,2025-06-02 10:16:45
700.4617926438071,975.4094004093215,41.3242785306321,27.95720246078049,2025-06-02 10:16:48
653.8847167893201,952.90765668619,42.15401799086251,27.055885232494823,2025-06-02 10:16:51
2035.3062107815745,965.1994606631873,42.660174563414856,27.84084660255658,2025-06-02 10:16:54
-25.298484177936302,954.3425320672957,41.81376051128398,26.883692891564838,2025-06-02 10:16:57
95.72798054831048,923.2214691263454,43.150714138625474,27.991234580654332,2025-06-02 10:17:00
1065.5282696578304,978.7292153941715,42.775578617935174,27.25053479363461,2025-06-02 10:17:03
753.6435306664064,1021.139734438245,43.31719761702443,26.888454027522442,2025-06-02 10:17:06
336.9499836516547,985.6768375783154,42.069733799374404,28.149405370200434,2025-06-02 10:17:09
539.1826684524808,938.9444718936359,42.706172719072214,27.648137198808502,2025-06-02 10:17:12
371.5400300072357,1012.3382755859399,42.41954008293432,28.081095159576503,2025-06-02 10:17:15
725.9209014498556,967.2407450598517,41.72692549275009,26.716840205411657,2025-06-02 10:17:18
275.80754617156947,1009.8628034883866,41.347394757578286,27.285713568241118,2025-06-02 10:17:21
-384.39612362975936,924.081710599562,42.46822814891149,27.36343676735406,2025-06-02 10:17:24
473.1041621824154,1004.4915666260441,41.57578922994567,28.04750245686204,2025-06-02 10:17:27
-74.80490188480769,1008.652597099008,39.619937308673904,27.701926113892405,2025-06-02 10:17:30
72.91472674669535,1016.161899058215,43.71414355406259,27.29173222258324,2025-06-02 10:17:33
970.0777568022095,991.6079002308516,42.69161467222119,26.302071452061398,2025-06-02 10:17:36
-391.1189607864485,967.0934963256299,42.334875780735175,27.652435643538716,2025-06-02 10:17:39
-549.9515377334168,957.064551364884,42.521360579664865,27.147781355404643,2025-06-02 10:17:42
-243.68479213049136,984.324340656405,42.639183632152935,27.256392197024663,2025-06-02 10:17:45
1944.7945552704828,977.0278186143988,42.20922925399081,27.2824466754654,2025-06-02 10:17:48
1543.414198950552,1003.5794525927913,43.47390103826719,27.34208503615814,2025-06-02 10:17:51
557.6437233554786,1013.9160685569278,41.30060434687659,27.174660740846978,2025-06-02 10:17:54
-230.213609713222,961.293169990946,42.898266041468155,27.48240943298055,2025-06-02 10:17:57
1018.9129717169172,1005.515358248421,41.960117513249,27.983833566855843,2025-06-02 10:18:00
1027.8161437581805,941.440062581668,41.3379440491213,27.809529359931624,2025-06-02 10:18:03
2075.2652850387567,1064.2883040630861,42.622774698288254,27.413968265346497,2025-06-02 10:18:06
440.4558498950496,958.498998363265,42.94300826088315,27.739728282326826,2025-06-02 10:18:09
625.7950878290309,946.2187599991121,42.73826811888627,28.349311646178222,2025-06-02 10:18:12
-375.63932941266467,974.8797065395062,42.432196910193674,27.6104652966201,2025-06-02 10:18:15
935.0378436177632,943.7266668900684,43.779935886599375,27.097944010818185,2025-06-02 10:18:18
333.63182139422173,972.4619510236674,40.93672225414285,27.1559809638962,2025-06-02 10:18:21
1965.2985852963652,1026.131535433169,41.902013191121,27.402998856276586,2025-06-02 10:18:24
-154.7735486431725,975.3267959789476,43.14669408517053,28.028612808168674,2025-06-02 10:18:27
1041.01957134484,962.0819234486522,43.63189457230083,27.11066357336637,2025-06-02 10:18:30
1231.8374293279123,995.4808348095265,41.42917124762593,26.891805778037465,2025-06-02 10:18:33
1036.4950544174565,999.0832187232004,41.8963015487323,27.01368031600759,2025-06-02 10:18:36
642.8200537571709,935.5408333323422,42.01527618142521,27.803759360975505,2025-06-02 10:18:39
426.6963866367407,1007.8406329544978,41.34059651428697,26.96842850936054,2025-06-02 10:18:42
431.33902783576616,960.0971977199915,44.04972297781385,26.901149095826007,2025-06-02 10:18:45
1233.3860158833836,1021.1269429850719,41.001059488605726,27.37088870641492,2025-06-02 10:18:48
-35.326076172136936,959.4203822135687,43.202117366385835,27.005168315036684,2025-06-02 10:18:51
822.4548505777544,958.9339870118455,41.395218599112376,27.587873948128422,2025-06-02 10:18:54
-358.2775009168839,967.0852233430661,41.719582912008946,27.25114520178119,2025-06-02 10:18:57
179.05141411967873,952.9543632532019,40.42680351938462,27.15428232228229,2025-06-02 10:19:00
705.0788300308011,979.0370067293786,40.49100715806287,27.824600917440502,2025-06-02 10:19:03
210.2839602937063,967.9614107085837,43.3487687771553,27.39921525173503,2025-06-02 10:19:06
-312.8237636868083,1017.4477811355619,41.62524021087528,27.297202457566964,2025-06-02 10:19:09
941.8322508731442,947.5635072825983,40.19074022310225,27.847169649344277,2025-06-02 10:19:12
104.98758670257189,978.9139796869629,42.06540055376002,26.89504425920428,2025-06-02 10:19:15
791.1007553330317,996.4774104725674,43.263243088460044,26.902914204437614,2025-06-02 10:19:18
740.836065092987,886.9638142547271,42.50740121391419,27.708619955619795,2025-06-02 10:19:21
561.5379795540784,983.6941899815785,43.763248883157466,27.701997503968204,2025-06-02 10:19:24
331.9063439774851,982.2796681152224,41.893418530109976,27.078440020082205,2025-06-02 10:19:27
-153.55714560075342,990.3296976212671,43.42808118138662,27.443245914200315,2025-06-02 10:19:30
-129.63400336523762,1005.8873902453955,41.608246350301116,27.313164188491385,2025-06-02 10:19:33
1070.3470526339836,966.9700066408169,41.365228821005175,27.31682855121671,2025-06-02 10:19:36
503.11798828212204,921.8239209130948,40.63639576180098,27.076415677892587,2025-06-02 10:19:39
-305.69800392487684,961.1441563046152,42.977704462726216,28.22810386441492,2025-06-02 10:19:42
210.3466081921876,951.0603944193749,40.99395973815209,27.87274701387305,2025-06-02 10:19:45
619.5567237849561,939.5338863077234,43.45929074667991,27.908815581908968,2025-06-02 10:19:48
1971.4743636097728,1027.489974974558,41.5636939560292,27.703894593363266,2025-06-02 10:19:51
704.3334413141512,987.4355038208422,41.58664604023025,27.274652816431725,2025-06-02 10:19:54
838.9203556702739,979.991748300498,42.48003162036749,27.53861221758316,2025-06-02 10:19:57
867.1570262995688,1002.2820613200763,41.85001639460713,26.53633787178092,2025-06-02 10:20:00
1231.1042277127658,965.3239573549594,41.42261173637202,26.951115068640533,2025-06-02 10:20:03
809.8281129639357,934.865075135943,42.11589864067212,28.40717924926465,2025-06-02 10:20:06
147.65033314262553,961.7527377710334,43.01435149638596,27.528952226394484,2025-06-02 10:20:09
1504.629281921748,981.1688937701639,42.411072067306826,28.243851704424486,2025-06-02 10:20:12
1320.514477862716,987.3314218390216,41.787025675796805,27.830504737304018,2025-06-02 10:20:15
648.8074735042923,959.7957132436173,42.22204998489907,27.64041134336216,2025-06-02 10:20:18
419.0365735086074,935.484877985811,42.05572722819331,27.263245631774332,2025-06-02 10:20:21
-436.9567895539966,1017.9605693186267,42.27425302685506,28.004329476283118,2025-06-02 10:20:24
1652.852712645254,965.0572381170869,41.68264876811879,27.631436598345875,2025-06-02 10:20:27
-9.127913384994827,948.7051749289614,42.994161921001904,27.957791700149723,2025-06-02 10:20:30
853.9991126595752,1019.83836170961,41.85639842343509,27.047424130310795,2025-06-02 10:20:33
784.9847065750849,1031.4877248642567,43.50476416883627,27.654539606317183,2025-06-02 10:20:36
1230.5282571886942,973.6215393549913,41.51458711963267,27.820686702957506,2025-06-02 10:20:39
534.2764629203656,929.1228574640605,43.81315146161341,27.33148199436003,2025-06-02 10:20:42
1220.927878528029,980.0152207046027,41.02707791125362,27.35888902166351,2025-06-02 10:20:45
827.5490408330844,967.0598835384969,42.32041902596212,26.71973158135545,2025-06-02 10:20:48
813.966085273023,1003.4333012561682,42.04767004902221,27.11250735847162,2025-06-02 10:20:51
870.0268677396675,993.7846808175266,40.80246275964559,27.641020360405218,2025-06-02 10:20:54
252.37252165339953,1027.3491898886364,43.37919723455767,27.518213080825365,2025-06-02 10:20:57
483.02107036124573,1010.9569265941195,43.90733903881093,27.614326389729424,2025-06-02 10:21:00
-1187.4806674607316,1025.0646045751357,42.26145845571101,27.208185560408364,2025-06-02 10:21:03
846.2754918983164,962.856197160422,42.12159874565937,27.542120339693234,2025-06-02 10:21:06
988.6741881357116,1013.4020878988229,41.9214960803048,27.951609253012737,2025-06-02 10:21:09
1230.1548560345664,983.8997681847732,40.28765104216483,27.124415316614105,2025-06-02 10:21:12
97.87364092391749,985.601831178512,43.58704797585336,27.5218809710898,2025-06-02 10:21:15
315.8321100836184,989.3724509356085,42.33794977333499,27.727437053320237,2025-06-02 10:21:18
1629.6836491171962,910.8690123689793,42.1565690993239,27.391464162823212,2025-06-02 10:21:21
2320.6745678100046,984.6595361803271,43.06806489659682,27.311695914107787,2025-06-02 10:21:24
0.6908754635082914,958.4364806365435,41.33145213705794,27.744169903888185,2025-06-02 10:21:27
441.74152704890355,974.5192628854251,43.70532391796325,27.2057826257919,2025-06-02 10:21:30
917.7950747033954,942.1833699561838,39.63219421306726,27.9509856251511,2025-06-02 10:21:33
1118.621775719611,984.3131646217429,43.293341408687155,27.110502616438037,2025-06-02 10:21:36
-557.7343957405327,992.6823619186071,44.30891379616783,27.521147350834195,2025-06-02 10:21:39
2040.3078305353574,1027.6012032600643,43.22148908642892,27.025367722453918,2025-06-02 10:21:42
1273.1385336591484,1000.5040327381765,43.495017061965214,27.10378127724796,2025-06-02 10:21:45
-680.7218118208683,978.1336859648726,41.777586502410394,26.81210036921668,2025-06-02 10:21:48
986.0145790402767,981.4307460799647,42.004659087116735,27.61105437586276,2025-06-02 10:21:51
326.9332147824919,944.7854798332603,41.49089335315607,27.42548250318043,2025-06-02 10:21:54
305.1416772693266,985.9409109139972,39.90961296889801,27.250769767988597,2025-06-02 10:21:57
599.3639637422642,967.6367146786865,42.1704878685039,26.12083722170783,2025-06-02 10:22:00
838.9124720428662,962.4609364670829,41.374390842177284,27.84236657668405,2025-06-02 10:22:03
931.1433024919869,1031.1107319652788,42.42408249640258,27.239281170852156,2025-06-02 10:22:06
1074.5225425500516,977.846926021761,42.5502788071875,27.349854884193228,2025-06-02 10:22:09
1093.7920140461615,1019.3543916032739,40.585343500405486,27.096045991483457,2025-06-02 10:22:12
98.27503490326455,1008.774281087365,43.04937084232173,27.000785369343312,2025-06-02 10:22:15
853.9132788894339,959.0820898095766,42.192067145952564,27.378133841570445,2025-06-02 10:22:18
93.1738594084544,939.5481677927044,42.28906071119387,27.579441487255394,2025-06-02 10:22:21
540.0086547686473,980.3205633904685,44.93410186894376,26.824670112021188,2025-06-02 10:22:24
309.4377664147825,997.5647005293314,41.73784777628621,28.213606139443606,2025-06-02 10:22:27
715.0725987550434,969.6796512573294,41.52295911029032,26.991088748274358,2025-06-02 10:22:30
270.5747691171125,931.2321957409696,41.39396669454989,27.892471051035322,2025-06-02 10:22:33
1478.4396039189548,979.1166395567896,43.614030238849935,28.116119165314032,2025-06-02 10:22:36
-589.9663662756967,1018.8632448191244,44.4605105308636,27.54702390106863,2025-06-02 10:22:39
1238.3359684100783,981.5584003051619,42.43052877001501,27.16914803184126,2025-06-02 10:22:42
-706.6637220885312,1057.104419737187,44.23137558697782,26.997033070304674,2025-06-02 10:22:45
23.80130255323786,1025.2401109515395,42.93859226284287,26.940969347559022,2025-06-02 10:22:48
-152.9664128274277,956.9182403758574,41.8571734146847,27.644147733196164,2025-06-02 10:22:51
391.6127573165775,972.4406880140998,41.141166006109344,28.41417840165588,2025-06-02 10:22:54
700.1068873341949,1006.7481934917628,42.22806785653448,27.306811432605052,2025-06-02 10:22:57
828.4614482371592,1028.6932544374124,39.269907517773696,26.963202702661395,2025-06-02 10:23:00
1438.3909948692462,1101.005971628499,41.52044840002565,28.16532319499451,2025-06-02 10:23:03
544.634140089948,967.647852550196,42.2770644505464,27.184859413471496,2025-06-02 10:23:06
-104.91104343165603,1002.1359056746574,42.54663118325567,28.39706033936129,2025-06-02 10:23:09
-195.9460752147212,1019.4067611758425,42.679813552281864,26.594235796776005,2025-06-02 10:23:12
1433.4316811201593,960.2055115358934,42.67001955114436,26.958221604718076,2025-06-02 10:23:15
640.2326998698187,948.1173068400656,40.63679648433148,27.765567577795398,2025-06-02 10:23:18
565.3436630021807,997.2535222586926,42.22152266755019,26.799228439994856,2025-06-02 10:23:21
623.3257042419528,946.153199743119,42.02677785002737,26.969047600932587,2025-06-02 10:23:24
-865.2320175251767,1005.6848211218911,41.873959452124126,26.933111748077255,2025-06-02 10:23:27
633.6919387418627,996.6124314811415,41.35359323540141,27.415896332503763,2025-06-02 10:23:30
-574.9685834062903,959.0623107254552,40.99886532035336,27.782258765100888,2025-06-02 10:23:33
767.3391724891266,1028.9619655123286,42.64012684380328,27.115475737414265,2025-06-02 10:23:36
1089.4068858931505,972.4651469011203,42.01955737269279,27.36287200363978,2025-06-02 10:23:39
689.6685351308197,978.6571977263432,42.56596800441649,27.117974094687405,2025-06-02 10:23:42
1521.921458367397,962.7233443508021,42.71676775299034,27.853096678642594,2025-06-02 10:23:45
1103.517737218332,936.0223151726352,42.00419954158421,27.220348904909084,2025-06-02 10:23:48
-64.99316510864264,1026.6593189656198,41.89323739883782,27.381615935790748,2025-06-02 10:23:51
308.9082204702863,959.6903755866895,39.17316908817276,27.63016863919264,2025-06-02 10:23:54
457.9049527162531,1004.169532933273,40.209560133153836,27.544848463574343,2025-06-02 10:23:57
713.4396589604058,921.1050778917214,43.43397134353075,28.30825267226331,2025-06-02 10:24:00
893.3849031607218,995.6111299237257,42.980522346174226,27.250759744147764,2025-06-02 10:24:03
462.4673639315279,995.8254998940536,39.90386037006784,28.05288427264932,2025-06-02 10:24:06
163.28967051567207,1001.5594072154341,42.711048980571896,26.680171494909086,2025-06-02 10:24:09
-658.3751980125113,980.6939041465961,40.71061492863695,27.365150055942017,2025-06-02 10:24:12
746.9057936420323,999.4849796565876,42.20507454669156,27.191450783010215,2025-06-02 10:24:15
1735.1013265288666,971.0884579988282,42.38899442256609,28.086768398201713,2025-06-02 10:24:18
884.9298928032728,904.2868072311035,42.07515908912651,27.085161695399265,2025-06-02 10:24:21
874.9450777771375,1050.57011634306,41.24612947830112,27.119777360169874,2025-06-02 10:24:24
-155.11339231008083,952.8038807799455,40.926539338903986,26.63887015546841,2025-06-02 10:24:27
1037.9624598014195,952.910571439329,43.54649339416992,28.000070839185767,2025-06-02 10:24:30
1517.7131267563013,982.2615776736433,43.67359880218012,27.03810921970133,2025-06-02 10:24:33
367.06631049087883,1007.4508569738335,43.084385791154666,27.980522247990706,2025-06-02 10:24:36
741.0763505608661,979.4407944139484,42.26434519645731,27.96233849387098,2025-06-02 10:24:39
-115.47241750327112,947.5752164716979,41.59479207622013,27.917063333933715,2025-06-02 10:24:42
439.7183657487608,962.5124964788828,43.224404879988626,28.991694560430588,2025-06-02 10:24:45
1300.9239510629964,973.3905277503601,42.234755020574354,28.10692204506429,2025-06-02 10:24:48
520.9596914352668,1016.0805349699231,41.516162505754764,27.716130485553304,2025-06-02 10:24:51
21.267536235508487,991.4405085911178,43.306775384830985,27.827799546470175,2025-06-02 10:24:54
166.2301102059535,951.1874402593212,42.882150122652035,26.758234920149246,2025-06-02 10:24:57
1776.1115989832147,1009.1810940301505,42.65217264121502,27.14941294303954,2025-06-02 10:25:00
-349.8797943199012,964.2765786253648,43.13839238849297,26.794767709217826,2025-06-02 10:25:03
338.87033724498053,968.1943996671885,41.27563820053632,28.31084422809526,2025-06-02 10:25:06
1505.379369721688,994.9238121645595,42.09692180153677,27.791300496563476,2025-06-02 10:25:09
731.5039620408807,985.695108931397,42.04948183951808,27.720802577225605,2025-06-02 10:25:12
174.40675937595904,934.4205969597363,42.507633914673015,27.949024253547456,2025-06-02 10:25:15
579.1503836815073,960.6186635967944,44.04254341907665,26.777849957544184,2025-06-02 10:25:18
889.5520676981382,973.9476004897341,41.97343092786534,28.00082334414864,2025-06-02 10:25:21
752.6924585655922,980.0166915224568,41.98171327759413,28.500771040161727,2025-06-02 10:25:24
1010.4146677446404,985.779790896564,42.37617723467645,27.16758422289123,2025-06-02 10:25:27
1233.726224550646,1004.7064643189436,44.495275116739506,27.73929256523292,2025-06-02 10:25:30
-436.62871039870663,947.1668689264008,43.072137465443966,27.842168727013675,2025-06-02 10:25:33
325.68375024723804,982.7348379616158,40.901075744649525,28.23188418433864,2025-06-02 10:25:36
597.5385622577185,1022.9152885694587,42.87019577481059,27.57549210453354,2025-06-02 10:25:39
1039.0706823019032,1031.2347565537477,42.743039498200005,28.516631726783256,2025-06-02 10:25:42
-1187.802473921513,1061.1569737812408,42.34212589299747,27.684973502860885,2025-06-02 10:25:45
0.3310282746251687,942.7299711956517,41.5993049080249,27.665121439560664,2025-06-02 10:25:48
-150.27935063877885,883.0358861295742,40.72539353734658,26.733421339704865,2025-06-02 10:25:51
1231.6569166434658,983.5643369264317,41.22373866859738,27.075145469404976,2025-06-02 10:25:54
803.9491384048613,973.5513623167019,39.8215657669068,27.57657914607298,2025-06-02 10:25:57
939.9352986926924,995.0450274364389,42.78193141586048,27.53866768447385,2025-06-02 10:26:00
1088.2432601626797,917.3580217069002,41.68083756614695,27.12556928854736,2025-06-02 10:26:03
-249.4961969661266,1017.9085117970094,42.501899463708476,26.61902810242443,2025-06-02 10:26:06
270.020200488757,1019.7576077338971,42.910753845016345,28.069240438904934,2025-06-02 10:26:09
685.7834244816413,1006.0336899896051,42.841776533613576,28.010005646350546,2025-06-02 10:26:12
663.3481702261362,1020.6235764754294,43.81729857415496,26.978420052534464,2025-06-02 10:26:15
1189.5187553948917,989.2267065211204,42.93558390294027,28.15201523769522,2025-06-02 10:26:18
92.18283183531759,971.1448390875553,41.20702541863325,27.155892850637734,2025-06-02 10:26:21
934.2722122745456,963.3354866130106,41.780107592044246,27.125616600778095,2025-06-02 10:26:24
776.2897836865297,973.3919409364521,41.022968593891754,27.469871862334134,2025-06-02 10:26:27
76.30884848614153,927.2645066120466,42.601869994689565,27.016461694156416,2025-06-02 10:26:30
466.7202243528639,997.2328956964795,42.73625221103346,26.912719025275496,2025-06-02 10:26:33
-577.5291153651518,982.5793466089998,43.06147316921722,27.492763809583153,2025-06-02 10:26:36
1279.6183934178798,972.5122700976101,44.14153414960457,27.62610401292027,2025-06-02 10:26:39
728.8410886013393,1012.380667508876,41.587522254334665,27.009064154641212,2025-06-02 10:26:42
321.8721842141689,974.5071329759153,42.42042682407627,28.22105947920957,2025-06-02 10:26:45
691.8067139430024,1035.2374011320737,42.661286283242276,28.02138626967666,2025-06-02 10:26:48
795.2274376758451,982.5962672998296,41.669647206193645,27.266536513604727,2025-06-02 10:26:51
406.82907800700593,996.1152870470195,42.861391202764686,27.828715846137474,2025-06-02 10:26:54
328.7517526220143,968.2764760624264,43.488446408485544,27.673686143123295,2025-06-02 10:26:57
-570.0643265375824,965.9486702857685,40.79505495221234,27.752243286817894,2025-06-02 10:27:00
591.3199565937691,976.0816095259988,41.824514827673035,27.515559286427308,2025-06-02 10:27:03
-302.46003525883395,952.3034262746628,41.47973354160109,26.696908358682734,2025-06-02 10:27:06
222.6516945500273,1026.087270633953,42.34225592988738,27.382498891619782,2025-06-02 10:27:09
1511.835628035053,1033.8238991527767,40.89627810511044,27.889321714728172,2025-06-02 10:27:12
786.1958345148835,949.1201020985714,41.79744282514539,27.56059776002925,2025-06-02 10:27:15
1368.6939899221613,922.8388102120621,42.810269265168465,26.5821846026578,2025-06-02 10:27:18
-195.3172374761906,1002.071962430192,42.89808825663029,27.59707845035443,2025-06-02 10:27:21
389.70685678255256,967.763987593859,41.47593836331108,27.340040065507097,2025-06-02 10:27:24
1168.2992995906955,999.2807874648236,43.58358805382197,27.325832332565387,2025-06-02 10:27:27
1127.3171062498898,1003.1598546149058,41.580993111245355,27.547219705115552,2025-06-02 10:27:30
1037.0276494539735,1002.6358851356861,42.74515304285704,28.403605231086882,2025-06-02 10:27:33
1050.5097160803152,997.8336840038126,42.44053855450561,26.380356170317512,2025-06-02 10:27:36
-1145.380406954449,998.4680548776427,43.59819167599295,28.546059461008134,2025-06-02 10:27:39
662.9589464071676,1020.7191270265079,42.421647441506174,26.394484046522173,2025-06-02 10:27:42
99.23960514402086,975.6740978310354,42.40301604263182,27.25228540293008,2025-06-02 10:27:45
1342.1791708061196,948.7869661427163,40.38840542571805,28.1518661945542,2025-06-02 10:27:48
-73.02808715880735,918.1069628818643,43.706146122645904,26.980210848607975,2025-06-02 10:27:51
890.1482749906163,943.6419714375933,41.950469200415455,27.530191768452806,2025-06-02 10:27:54
1173.42250104685,990.1633154928354,41.352436913198346,27.377867277080764,2025-06-02 10:27:57
138.56586537444014,1027.0086294128132,42.697594716719266,27.6718316701493,2025-06-02 10:28:00
386.0090934805984,970.7106744084588,39.95504501791578,27.52063911317438,2025-06-02 10:28:03
864.6042905115887,972.0804074298372,40.75569514152838,28.36050054042694,2025-06-02 10:28:06
-115.69341308235641,980.8716278704686,42.550034099031315,27.663626475921813,2025-06-02 10:28:09
352.4978701684613,1047.5535240662575,42.35661073709365,26.90740880529196,2025-06-02 10:28:12
-224.25179495775637,979.3713114385201,42.643835893567655,27.659642800210797,2025-06-02 10:28:15
995.5064724700836,970.1544592942615,41.950297546121924,27.12961135826628,2025-06-02 10:28:18
-128.23603292262726,1016.1763489682579,41.56546771730568,26.83883187557574,2025-06-02 10:28:21
207.58834268791037,965.0185604227196,42.27048367842565,27.675718623611882,2025-06-02 10:28:24
257.0477154243282,1029.8691467843894,42.75663860012517,27.277145496414054,2025-06-02 10:28:27
431.7056794008173,950.680666081759,43.75244895067142,27.86533306345617,2025-06-02 10:28:30
1103.549962477276,1045.4152578377245,41.32961644617308,27.662328610953043,2025-06-02 10:28:33
888.3354552059819,938.3061331845877,42.80647014313611,27.03449980615747,2025-06-02 10:28:36
230.33476505468207,971.34326406883,43.02844585665466,26.967319150950967,2025-06-02 10:28:39
374.7362836218811,985.5708386962932,43.25150806484582,26.31089777977278,2025-06-02 10:28:42
208.87718774773919,1025.7218814081664,42.58396946929817,26.874373285303832,2025-06-02 10:28:45
277.97422347866006,972.698827805988,41.98216426884142,27.487475315886872,2025-06-02 10:28:48
958.704338380022,943.4631123323185,42.29319002759533,28.184480564342632,2025-06-02 10:28:51
327.5074718794028,946.0368635595706,42.958240707529626,27.406847487701757,2025-06-02 10:28:54
537.324738518136,955.7631335794333,40.086253426590574,27.485876048237117,2025-06-02 10:28:57
1263.855629734901,987.8496661710716,39.25676006528663,27.92626067114602,2025-06-02 10:29:00
-342.5034516133177,948.841575513428,42.89873101061729,27.381593969598356,2025-06-02 10:29:03
352.9334747447185,968.8697506706363,40.8571535506235,27.74461106065415,2025-06-02 10:29:06
1643.7795946370284,990.6470429480718,42.826122012628396,27.370624972941826,2025-06-02 10:29:09
755.2509753667554,991.7673066331729,41.454595585248036,27.08386825710436,2025-06-02 10:29:12
47.701752044510954,1004.4150081704524,41.77843489738811,26.64636838161625,2025-06-02 10:29:15
474.92559897777636,1050.92688459869,42.18393736534674,27.753811741941966,2025-06-02 10:29:18
1098.5501062275378,937.692178025153,42.66540976367898,27.978592902537464,2025-06-02 10:29:21
532.4085629558998,977.1590203087524,43.00812439110009,27.454532698499005,2025-06-02 10:29:24
777.2946404535385,1062.2062169234705,41.5908518420911,28.2680324626291,2025-06-02 10:29:27
86.44949671104547,955.6792241696205,42.464887095359934,27.509376884385546,2025-06-02 10:29:30
1050.854659262829,991.0600263409357,42.26309286535175,27.183369055885247,2025-06-02 10:29:33
2068.3830213004267,976.4811255029208,42.87952107670341,26.805561361663475,2025-06-02 10:29:36
795.064457141727,947.963647720396,43.49614058351422,27.561842909290053,2025-06-02 10:29:39
840.3965554283806,927.7132955805096,43.67928868318884,27.521252814487685,2025-06-02 10:29:42
847.1530461999764,977.4609479819198,43.805698693898144,26.536524650546045,2025-06-02 10:29:45
138.77804401140463,921.1608873656053,41.449681227997225,27.660695988140002,2025-06-02 10:29:48
506.00964330555695,987.7678653721096,43.55478197775073,27.648355748085763,2025-06-02 10:29:51
-73.97515679963294,962.1642629137887,40.51046277792483,27.852521418287626,2025-06-02 10:29:54
1205.21671837117,1021.8123424810631,40.41815081023753,27.590621313561044,2025-06-02 10:29:57
1026.9282358034732,977.2365790620387,42.48734810631917,26.657577889444653,2025-06-02 10:30:00
621.551970676742,1029.1413464717505,40.97340866188856,27.570485065949956,2025-06-02 10:30:03
1105.5263897864543,980.5844178558284,41.7354841876181,28.083511887733653,2025-06-02 10:30:06
-1101.173813711278,1020.1017677765757,42.9024213985258,26.733251217874773,2025-06-02 10:30:09
61.7209642610419,974.8252932562767,42.25029877268941,27.50197321476108,2025-06-02 10:30:12
-151.536426728709,969.3851255936039,40.66193369296833,27.448522396575214,2025-06-02 10:30:15
1580.1460077705287,1016.5045613738112,43.42045408842597,27.664187134939922,2025-06-02 10:30:18
1293.5744148679619,1043.0786590293812,41.69038253306826,26.94684408201332,2025-06-02 10:30:21
-312.89916193698934,947.3565862052213,41.222143816813,27.318308780406912,2025-06-02 10:30:24
1027.030927176283,971.3361043974194,41.29800508692066,26.735482110660442,2025-06-02 10:30:27
819.3298014241644,1019.8922765404491,42.22178911867903,27.773921348177716,2025-06-02 10:30:30
631.8960825422894,942.0843241293467,43.30939983998763,27.121156832397602,2025-06-02 10:30:33
834.2131466084156,991.8518941649597,42.5366447671463,27.324283253182006,2025-06-02 10:30:36
-276.6198676712306,1019.2954536419041,43.782659057764064,27.61916165192666,2025-06-02 10:30:39
188.2051825572829,953.6015137707695,42.47410493747712,27.60182622784913,2025-06-02 10:30:42
-240.463076177498,990.2556510980604,42.8810756230743,27.30500137148649,2025-06-02 10:30:45
107.00330115675456,984.3494232387111,39.4810684446555,27.163937126731803,2025-06-02 10:30:48
1176.1423762434413,1033.4448127224102,42.21244266823409,26.80955358083767,2025-06-02 10:30:51
140.51552408344673,960.2589936353036,41.35727580987487,27.135078316629745,2025-06-02 10:30:54
334.7378856827869,946.39680651793,41.61248951016558,27.778945750039863,2025-06-02 10:30:57
857.6837183617586,1010.9679898292213,42.27208225054045,27.630149822739124,2025-06-02 10:31:00
1352.763700834843,987.6991724762214,42.58266429514443,26.912383509339893,2025-06-02 10:31:03
221.00395663185583,1061.4396326659103,41.37211463546656,27.31071013141988,2025-06-02 10:31:06
1283.019733364204,980.6465045360684,41.292484041284915,26.777234142982344,2025-06-02 10:31:09
673.807151929539,1050.5158183775088,42.23293309212551,27.564027546276165,2025-06-02 10:31:12
1304.2897720158687,969.4798689916107,42.03357677805286,27.645177623811,2025-06-02 10:31:15
1134.0279950142735,1004.0839731503717,40.1520507637932,27.130497572067473,2025-06-02 10:31:18
629.7740674953538,1030.428195312717,43.147248676564395,27.83324487996941,2025-06-02 10:31:21
84.05047084863622,1006.8696609958622,41.51355448292959,27.253384836260008,2025-06-02 10:31:24
739.5544093823629,1025.301745414497,40.559792267769375,27.764842254699566,2025-06-02 10:31:27
527.7819957896953,934.0174262707459,42.97284377728986,27.433106794992483,2025-06-02 10:31:30
550.2805961289358,946.3693270091002,41.31176741603412,26.871874959288032,2025-06-02 10:31:33
-784.9132218869378,954.9205607355998,43.00128401148709,27.476040256261186,2025-06-02 10:31:36
891.848634225116,1035.4667103402935,42.622706581680355,27.961176004878066,2025-06-02 10:31:39
-312.9188307632263,959.6165821941969,43.03890804631263,27.341968960515572,2025-06-02 10:31:42
485.88754371164237,1016.3353661584051,40.550486159834065,26.886008642569873,2025-06-02 10:31:45
1983.1356627593054,967.3271458120774,41.865224538963574,27.569770246734812,2025-06-02 10:31:48
1585.8660808273053,985.7489330506462,42.15528856865813,28.04871782937816,2025-06-02 10:31:51
201.0598766300356,1009.5598956249676,41.67805375277771,27.554750204480353,2025-06-02 10:31:54
-267.81659340956685,1015.1571707391939,41.139716637514454,28.226115452211445,2025-06-02 10:31:57
-344.89947921999783,954.3478322356443,42.09661417790372,27.12563436974596,2025-06-02 10:32:00
426.6472530633872,1062.993522298057,41.20401515732182,28.07571561520791,2025-06-02 10:32:03
304.872055292381,1070.7053560732968,41.37557315021576,26.76276782632151,2025-06-02 10:32:06
1449.0231679355002,993.2665968374022,41.246008458607704,26.964174101505588,2025-06-02 10:32:09
615.7867328594765,1004.6349745261643,40.59624034608174,26.947583392760954,2025-06-02 10:32:12
308.583291417438,973.6215760657022,41.382831512174604,27.547393830932467,2025-06-02 10:32:15
1062.3480042415792,1009.4106516362825,41.481356859392605,28.049133869347138,2025-06-02 10:32:18
1026.6994613694753,1004.1673133535396,41.061035678890164,27.539669841903535,2025-06-02 10:32:21
705.7257461739555,1028.1442485681623,42.2511340857906,27.21596840731716,2025-06-02 10:32:24
1761.37392251856,914.3120949660712,43.09162922395958,27.1201267596298,2025-06-02 10:32:27
1349.401712788986,983.2349548992682,39.77548688349077,26.175676850978302,2025-06-02 10:32:30
1357.6173542912802,972.1767985531501,42.918372338032,27.731243222349747,2025-06-02 10:32:33
1179.1005799089257,1043.044362278336,41.77415975014576,27.13158333847681,2025-06-02 10:32:36
358.8749361880973,972.7135737256017,41.27612331060104,26.607412811618016,2025-06-02 10:32:39
205.10620702252362,969.3089783926634,43.02030482622092,27.353984816963997,2025-06-02 10:32:42
702.3599261461247,976.5275405595664,41.22667426566341,28.569716504148783,2025-06-02 10:32:45
1447.6625057430085,949.1225822569925,44.03829486494538,27.630098076908112,2025-06-02 10:32:48
290.5984438541971,934.2604026745237,40.17187502649673,28.052364575298924,2025-06-02 10:32:51
131.74758357555652,991.7174132616367,40.31606985022578,27.43589115421448,2025-06-02 10:32:54
387.31752643912705,1013.4600906416251,42.337549723389884,26.973546828098648,2025-06-02 10:32:57
-629.4335317402744,949.2456077167002,40.8302881041259,27.266567571363836,2025-06-02 10:33:00
505.7700653597091,1045.5121255407414,40.02037394977506,27.221291347296823,2025-06-02 10:33:03
940.2794218488239,954.0475033690865,42.36799291433927,27.164226621045184,2025-06-02 10:33:06
-313.40451652380204,1000.845880889891,42.974136424033986,26.374184223248054,2025-06-02 10:33:09
360.76231931482226,912.0854185509946,39.88548811628029,27.016324960749813,2025-06-02 10:33:12
-143.44369571926347,998.7728147106449,43.40634047101038,27.778816069398513,2025-06-02 10:33:15
559.4863339958305,982.4415641739706,42.65783767131541,27.18372277993966,2025-06-02 10:33:18
-327.34393391334686,897.6102308504469,43.04617858335865,27.345970509871282,2025-06-02 10:33:21
554.5276991067376,954.8792330704882,42.18095919405978,27.735176951031164,2025-06-02 10:33:24
856.9177091765584,988.093986766757,43.08274152476979,27.20443206224058,2025-06-02 10:33:27
-542.6115886391327,1024.9964807818496,40.29590475068959,26.35632277997943,2025-06-02 10:33:30
863.1694724404484,951.4500880367449,42.54944415739667,27.285891212177706,2025-06-02 10:33:33
-21.709690298823602,944.3102547843565,41.12365671384726,28.09739403159416,2025-06-02 10:33:36
89.94509818597345,957.4915192591719,42.1647767888636,28.675457283913914,2025-06-02 10:33:39
462.8702499942612,970.2398844956249,41.85733666431723,27.444990187869166,2025-06-02 10:33:42
1086.0269472726216,1028.562626233819,40.8090210465014,27.21180132932024,2025-06-02 10:33:45
864.6812513049456,996.4234453532354,42.216933229238734,27.593472723437724,2025-06-02 10:33:48
195.11281252913795,1012.2805678777027,43.15457608886433,26.94817321745199,2025-06-02 10:33:51
0.9330628283337319,1016.9597773797182,42.22042143390093,27.018182375264992,2025-06-02 10:33:54
124.87919805524808,982.4669167805504,42.01684523041995,26.517932664353467,2025-06-02 10:33:57
467.8635997551792,1009.0330284015216,42.410410375310974,27.474619028736438,2025-06-02 10:34:00
682.542045098106,979.8090208748303,39.85453464102248,27.454201768773498,2025-06-02 10:34:03
748.8800250682629,965.8018129372094,42.28232899082484,27.861574392457534,2025-06-02 10:34:06
116.31355359220595,1003.4272759590868,42.02971441483747,27.368152557071344,2025-06-02 10:34:09
507.8136954854788,983.1561233897024,41.017067608114374,27.524706406058787,2025-06-02 10:34:12
555.7575623388099,1031.4320859570385,44.52086082665458,26.967013978100088,2025-06-02 10:34:15
294.4502326250316,988.5245823830444,42.88807452431226,27.31671185261315,2025-06-02 10:34:18
-255.78285029653148,1013.1918373799333,39.95010110911598,26.920320472243922,2025-06-02 10:34:21
301.50321238594915,1049.6797126346787,42.80888245082084,27.237019757649215,2025-06-02 10:34:24
1647.2079582790261,998.7225155157859,42.29433026782143,27.53835385897152,2025-06-02 10:34:27
1909.8570848812465,1010.2059816891982,41.84881954313122,27.32995099447001,2025-06-02 10:34:30
997.8483299420943,1011.6537835139359,42.806024947488005,26.889185587984898,2025-06-02 10:34:33
-254.58187417894692,973.7289749712627,41.154505016029624,27.278426166038606,2025-06-02 10:34:36
344.69629667438903,962.6586498873837,41.6968393223279,27.22099897108472,2025-06-02 10:34:39
855.8184075245165,1023.7718671424329,43.521223893908484,28.17070107672365,2025-06-02 10:34:42
1805.1094508719793,985.7522405503445,41.80049064260129,27.354345960785015,2025-06-02 10:34:45
523.0643980432237,930.2241996601747,41.11497940902715,27.24148214244559,2025-06-02 10:34:48
1067.889820634035,1024.8832664885701,42.90017417967021,27.688419153308836,2025-06-02 10:34:51
-102.11906820296076,1019.2122031236229,42.76682501219636,28.193611218421392,2025-06-02 10:34:54
538.2324336966416,921.914815924901,41.61382812617488,26.748259154949423,2025-06-02 10:34:57
975.8932146184652,993.0878685844614,42.20210064348129,27.36077887433888,2025-06-02 10:35:00
1312.0101269137713,999.3099050753372,41.471122056417286,27.73201180013384,2025-06-02 10:35:03
1003.553619655413,999.8411187848478,40.65845333546633,27.16685813704282,2025-06-02 10:35:06
438.35121194433646,984.6296845448957,41.93167534140947,27.709469222555164,2025-06-02 10:35:09
2221.1170250269856,951.7863242825705,43.01534483406186,26.02542169238838,2025-06-02 10:35:12
-841.4071647777881,1030.8238329228338,41.03566487038947,26.4981113028903,2025-06-02 10:35:15
1140.1516333196114,1046.5004505293216,41.54655813889383,27.611660933101348,2025-06-02 10:35:18
541.5840168385832,1005.3893843921855,39.622058557656736,27.80334522584004,2025-06-02 10:35:21
1123.28343541786,1022.2271666722945,40.731366476589464,28.515182944768625,2025-06-02 10:35:24
350.39264417244567,953.878943702697,41.42156776817663,27.439238716223404,2025-06-02 10:35:27
265.9991254821084,1022.102419637117,42.91436064725311,28.174520292273932,2025-06-02 10:35:30
420.84746575070585,1016.1773662818667,42.4295078678474,27.36040784849034,2025-06-02 10:35:33
99.72434571298561,966.1828504909673,42.33593287143535,27.9523174138424,2025-06-02 10:35:36
-1096.094339247631,1021.342712983839,41.56074962433905,27.219966553909753,2025-06-02 10:35:39
519.714672205562,983.2670319241577,41.18374035842224,27.570149430441454,2025-06-02 10:35:42
1086.8597822744737,961.0843439526228,42.74878628458273,26.70362373946065,2025-06-02 10:35:45
307.02360036570815,954.7551292764985,42.32845954815818,27.12994948505856,2025-06-02 10:35:48
989.9539538825671,931.3471231645518,42.93896036766941,26.534975354727425,2025-06-02 10:35:51
1256.0625672463277,945.9825428113027,43.9372724884583,26.875021179443635,2025-06-02 10:35:54
-69.48453973600738,936.2177276680972,41.489761718875315,27.691750052659167,2025-06-02 10:35:57
2084.893010945309,986.3798073900157,42.219169787071976,27.694141066198572,2025-06-02 10:36:00
608.0120463847709,1042.7232338590268,42.7205275048888,28.0482640925765,2025-06-02 10:36:03
953.4998196487088,1012.630143371784,43.5054882822669,26.774406087509067,2025-06-02 10:36:06
911.7117110459691,957.8473847948518,42.636159939228676,27.40731596379308,2025-06-02 10:36:09
541.0226455222138,1034.8545583967539,43.16460832838808,27.76248475030373,2025-06-02 10:36:12
1260.2537920522095,939.7719229325971,42.71261345637993,27.15508037244774,2025-06-02 10:36:15
9.919145240820399,978.6635040729094,44.07933001212038,27.67647889035705,2025-06-02 10:36:18
609.7724581239512,929.9472593978414,42.40465315102876,27.674647392180802,2025-06-02 10:36:21
505.5505062497545,1008.075372493395,41.73481890487907,28.141447569266095,2025-06-02 10:36:24
974.3427587277146,976.0664887858212,42.192962982127916,27.63657390495854,2025-06-02 10:36:27
1092.6432345922879,986.9230851228809,40.571464498678445,27.2723233032366,2025-06-02 10:36:30
702.1697344224241,1018.4749309190512,41.39549510589616,26.680453996483127,2025-06-02 10:36:33
1430.4136941079114,1011.0979989964843,39.73579265068747,26.98082194849805,2025-06-02 10:36:36
825.9874026926951,981.6381207892688,41.1202330447702,27.78089000817705,2025-06-02 10:36:39
1319.8107099687518,994.7915127191463,43.507950224884034,27.756963639200812,2025-06-02 10:36:42
1307.2060121504242,939.4118378632726,41.45423960659486,27.177255047220882,2025-06-02 10:36:45
1331.3999539720767,1020.1662746700264,43.79056802695972,27.556964949613118,2025-06-02 10:36:48
512.9121626520921,947.1182488563161,40.447347391983506,26.57107883509594,2025-06-02 10:36:51
-414.83649711879616,1015.498067681975,42.52141107479641,26.916764513271616,2025-06-02 10:36:54
-87.8178722709514,992.5123381174261,43.29975169742504,27.256360337702688,2025-06-02 10:36:57
425.1544926669209,946.8196157152037,40.38207851389294,27.408826436182487,2025-06-02 10:37:00
108.48548526398616,1002.8797472841098,42.658204281398135,27.79717920064751,2025-06-02 10:37:03
529.9298327386335,951.778349757596,41.084293034150676,27.920706943769716,2025-06-02 10:37:06
353.8923335903081,1020.4133992620656,41.516676188523334,26.764914330332715,2025-06-02 10:37:09
850.37543735989,930.2811768471593,40.85572632528441,27.088777726509385,2025-06-02 10:37:12
930.4024359397761,961.8108946233795,42.65493756448744,26.748552152451737,2025-06-02 10:37:15
402.37268986556955,1007.9102410444292,41.43685512430668,27.46642112145316,2025-06-02 10:37:18
1128.726186345255,1034.559064915493,42.49431523427396,27.585636243924192,2025-06-02 10:37:21
790.993845262126,1029.5209830306405,42.94521073402842,27.129827490626553,2025-06-02 10:37:24
-140.11473645411002,966.7742731826015,42.36885541406032,28.27526787387072,2025-06-02 10:37:27
94.47607236091824,913.6942345289485,40.492882465292,27.0917459930543,2025-06-02 10:37:30
796.6779494760757,972.3059387929084,42.60306666724029,27.728899419469105,2025-06-02 10:37:33
-318.53092896996907,1018.2325951299492,40.26198933619949,26.668209620667238,2025-06-02 10:37:36
-61.49944514342633,960.5470207445446,42.432274716871035,27.51309511127724,2025-06-02 10:37:39
1527.5224497159866,1044.609387722319,42.50388898224731,27.465833592005943,2025-06-02 10:37:42
1069.9005951170157,990.5385701464518,40.331174894085,27.263074762373982,2025-06-02 10:37:45
119.50634352319815,934.0760952339833,40.994184232708,27.626459017500075,2025-06-02 10:37:48
53.974324511656846,1048.2529017815812,43.158451753780284,27.075413612371477,2025-06-02 10:37:51
1870.2630347653444,995.0279677338416,42.41014844716366,27.71875465644284,2025-06-02 10:37:54
581.7535497845663,988.9519008775803,43.391310168482796,27.429898917493713,2025-06-02 10:37:57
-294.9339693529465,1003.2661382948246,42.041596314762806,26.92009994951693,2025-06-02 10:38:00
294.2865362421397,978.0110263608018,43.43480601676118,26.038162022063887,2025-06-02 10:38:03
504.1419173581628,986.0748758033303,42.005618125547095,27.91597387775214,2025-06-02 10:38:06
195.0765559288845,1013.3726437363779,40.79610037073849,28.55923514197437,2025-06-02 10:38:09
1257.3382664478868,953.6654834019505,41.95902418246796,27.875112455027548,2025-06-02 10:38:12
-69.97002970793267,957.4820875404429,41.269208454326446,28.063353696436934,2025-06-02 10:38:15
79.4450459765892,985.3518522439058,44.3018473941596,27.141927551575,2025-06-02 10:38:18
432.2439338286226,997.807178233351,41.735992471054175,27.151617545999496,2025-06-02 10:38:21
1121.1131944227948,940.784229742615,40.26097201461599,26.48986484047369,2025-06-02 10:38:24
80.87832849295899,954.4424171672713,42.99907057717522,28.23149478134287,2025-06-02 10:38:27
530.3271414257587,983.3611839755312,42.18303093032744,27.627884461464607,2025-06-02 10:38:30
1812.163734548701,1000.0171370198177,41.97896084610944,27.186009801431467,2025-06-02 10:38:33
58.95450784355785,954.125136173624,40.56423005078137,27.135808530583496,2025-06-02 10:38:36
464.954569696239,1026.7762224280732,42.91857705422335,26.82479347445412,2025-06-02 10:38:39
851.9315452596825,947.8585238660199,43.222698810002925,27.18688628013764,2025-06-02 10:38:42
851.1061437075526,940.21961088827,42.023097233920474,27.356156217327765,2025-06-02 10:38:45
-813.650195590298,965.0029262608422,41.36399571301679,26.698683218762852,2025-06-02 10:38:48
1049.6609131427115,1014.0759070784324,42.10899093506546,26.734694067988876,2025-06-02 10:38:51
38.48721585431099,993.5314011686094,41.48811494538096,28.46676090180967,2025-06-02 10:38:54
1452.603486036135,974.5443019118424,42.95132618602482,27.997259253681932,2025-06-02 10:38:57
1174.1710352128694,984.7831508610484,39.77223088702751,27.134931620073015,2025-06-02 10:39:00
565.3823010130249,1008.9724903692382,40.63717458029181,27.078539626311805,2025-06-02 10:39:03
-321.031090996711,998.419314705828,42.082073736186764,27.677881694156394,2025-06-02 10:39:06
574.1965261482338,1015.7597200562636,43.116481306944735,26.718483795487305,2025-06-02 10:39:09
789.2135877773554,961.2688780286389,40.00644785250061,27.512628415450028,2025-06-02 10:39:12
178.56796359093454,952.7832756732548,39.998614672273284,26.74150997633736,2025-06-02 10:39:15
881.6189947974419,994.8942392588772,40.816436286727544,27.3793687910318,2025-06-02 10:39:18
693.1735960547476,987.2380725404994,41.8517695015007,27.26587297743638,2025-06-02 10:39:21
1080.2376921717773,943.0186663833855,43.53971491437744,26.735550855218584,2025-06-02 10:39:24
1275.9152533320928,961.2806212047501,42.28672063732292,27.09427699513432,2025-06-02 10:39:27
499.7584594516161,965.8642814409948,43.210749132848385,27.729627547089148,2025-06-02 10:39:30
430.61249552476085,995.7487415483564,41.838446238474454,27.444980391875134,2025-06-02 10:39:33
455.33915637477435,1026.7638989576553,42.26122412781763,27.436565772884002,2025-06-02 10:39:36
480.38112841721613,1036.6693516748107,42.40244077992917,27.613752531548737,2025-06-02 10:39:39
1788.019621852029,921.0220714656648,42.17171586434308,27.090525096905328,2025-06-02 10:39:42
578.1030072835899,1022.6279437455223,41.71041899966178,27.74946151127706,2025-06-02 10:39:45
-663.0846614737092,952.4974675589523,43.08927938455869,26.567270647399763,2025-06-02 10:39:48
1170.1108734595546,977.7203584199589,42.00953439185695,28.49016928050396,2025-06-02 10:39:51
456.82657015723316,992.1391214591441,43.41787433642545,27.422417767603815,2025-06-02 10:39:54
755.6148778137408,962.5110638024252,43.45770630300904,27.17974350118961,2025-06-02 10:39:57
-99.71485150004162,922.0981558618049,41.78731546129944,26.970480251938802,2025-06-02 10:40:00
813.1105694261569,993.70584589435,44.333974738180125,27.760423259305522,2025-06-02 10:40:03
-587.5974539858818,970.5644644521714,43.28042925935617,27.364974020317614,2025-06-02 10:40:06
440.84312972674707,940.8303271791635,42.3831880952661,28.011687589572453,2025-06-02 10:40:09
1627.463328597375,992.1194504020904,41.182565504802504,27.15651867260059,2025-06-02 10:40:12
-502.10713535628736,950.62242724005,42.055682251834824,27.766741217463164,2025-06-02 10:40:15
584.3334727173522,924.6517282704577,40.643531904580534,27.76526230631718,2025-06-02 10:40:18
169.96312520462055,1014.9395333221353,41.74757087965519,27.273383762645658,2025-06-02 10:40:21
995.2116654872889,971.606882631491,44.16343987492032,28.458328907776927,2025-06-02 10:40:24
724.4710049218181,1004.1854617076815,42.2788109314373,27.107162677375037,2025-06-02 10:40:27
709.2914402881283,1058.2906809801573,42.66707106282186,27.078881777614537,2025-06-02 10:40:30
325.35868222779123,961.9768288467541,41.91442912317922,27.584537727476608,2025-06-02 10:40:33
1790.197224735737,1020.2974219044982,43.87835871471276,26.954993894307396,2025-06-02 10:40:36
306.2449854849754,1064.140956959833,42.57593268625096,27.06810896563307,2025-06-02 10:40:39
794.6880548912047,983.6944700494142,43.556358131313324,27.886595514879396,2025-06-02 10:40:42
2110.8576219161787,941.8687900905497,41.08801531554543,27.36000208256124,2025-06-02 10:40:45
923.0549599813849,985.3488273656259,43.42613805901069,27.19436269786803,2025-06-02 10:40:48
663.9396285573974,1032.4736295460682,43.398701001146236,27.57272363706372,2025-06-02 10:40:51
430.5719292253351,961.0625370859735,42.84487282327253,27.44671534458217,2025-06-02 10:40:54
634.302065595457,1010.9231648538313,42.07105360482735,26.457417933764,2025-06-02 10:40:57
536.9560951091663,977.1950317293852,42.95449096232113,27.709018714095105,2025-06-02 10:41:00
214.4635896237191,1034.925527553433,43.53371103567191,27.216386289044483,2025-06-02 10:41:03
-273.3638683217897,964.0254010656754,41.498756929385934,27.86024106882834,2025-06-02 10:41:06
671.6470209497108,969.172295269212,42.307669488368724,28.479621311377862,2025-06-02 10:41:09
81.47499149483207,949.4559345241829,40.30050223233121,27.25521541957231,2025-06-02 10:41:12
379.5359704155077,980.384049580299,39.727557611104125,27.56655463808425,2025-06-02 10:41:15
523.7052981997737,1051.4668371700686,42.65538351096262,27.459016065290673,2025-06-02 10:41:18
-153.56825443443245,1009.317981910302,42.90115552030676,26.7911362809564,2025-06-02 10:41:21
723.6939747969973,993.667355544591,42.42772914400803,27.99842131996746,2025-06-02 10:41:24
353.5585806388357,997.9394349802737,40.453789328219294,26.663587395210744,2025-06-02 10:41:27
382.3388196469453,912.3090405605213,43.4835739194625,26.563638153504712,2025-06-02 10:41:30
941.839536116255,1010.3041021807587,40.95053853689705,27.32157507064939,2025-06-02 10:41:33
303.81209882709504,1035.5458861308455,42.789462118261525,27.00207560565808,2025-06-02 10:41:36
1835.4441700609723,930.4132277450747,44.41067082806718,26.705723691309604,2025-06-02 10:41:39
185.8139339583392,1000.5821617635596,41.41369227336241,27.27784472149697,2025-06-02 10:41:42
141.1198433302975,1030.2446387089933,43.23270029289691,26.851370051448427,2025-06-02 10:41:45
-83.5506641896136,968.1909327425152,42.67607582014009,28.552325667844933,2025-06-02 10:41:48
133.13773520292023,956.9081956370368,42.05396539537799,28.166199235731547,2025-06-02 10:41:51
-242.78600249010344,1019.7729267519746,41.77872884035084,26.51151854626044,2025-06-02 10:41:54
-296.7365237117491,1050.7885681069367,40.73203532639562,26.945349875321003,2025-06-02 10:41:57
1442.7868576434184,1025.5448588765291,42.13060928560484,27.995905599132303,2025-06-02 10:42:00
1406.6546411066952,957.5545563679854,42.318378829385715,26.57403740890547,2025-06-02 10:42:03
1128.6454004947655,1041.1463308834304,41.48689976582365,27.144655841216462,2025-06-02 10:42:06
542.3436166747504,998.3102695742188,42.4405753881165,27.23744610487807,2025-06-02 10:42:09
-191.79891773454256,1035.9883422294788,42.21326001259246,26.69719411116365,2025-06-02 10:42:12
519.0687295458007,989.6851025816499,42.02556488173021,27.194309336044952,2025-06-02 10:42:15
-388.79867886823877,953.8095469752877,43.02612402678505,27.254449541112905,2025-06-02 10:42:18
-5.123960573550789,931.002540065139,43.504275560852726,28.451597201141507,2025-06-02 10:42:21
580.6267136718377,1010.4133544885952,43.925118179920034,27.564311796730838,2025-06-02 10:42:24
-123.62760254435534,1010.6525227491646,42.99814561070712,27.134530828700058,2025-06-02 10:42:27
-144.7865549808564,995.1384458188252,42.2418258652707,27.218483020665843,2025-06-02 10:42:30
911.4312138032551,955.3841430729333,43.0385218866751,27.849432626852604,2025-06-02 10:42:33
1262.603741199528,982.2625602146923,43.182892819690785,27.296813158059255,2025-06-02 10:42:36
324.99061021336547,993.5383692745584,43.28138677915103,28.105409055240404,2025-06-02 10:42:39
-65.06823134911826,990.4283084054176,42.87853862704495,27.21047399451654,2025-06-02 10:42:42
908.6578123088847,989.8869257008915,41.691476328673005,27.779658699566234,2025-06-02 10:42:45
1685.2521918363923,952.7881962304218,41.60529821978941,27.21523616080356,2025-06-02 10:42:48
998.666503079743,1001.7739019568941,41.835488537444355,26.802696495907657,2025-06-02 10:42:51
502.0180407519606,922.1976303369526,42.26939945788612,28.272613118379354,2025-06-02 10:42:54
978.1099300468793,944.7355184682124,42.704407589566294,27.747376263677236,2025-06-02 10:42:57
1513.268447760579,1029.964733800662,42.754501459073914,27.21062411014268,2025-06-02 10:43:00
417.3412822722489,952.4609682343938,40.72328781546713,26.997720512875645,2025-06-02 10:43:03
561.6602625024306,1069.4265180176506,42.1866651536548,27.06056798641335,2025-06-02 10:43:06
-514.0661975680172,941.7014125139673,42.74760311728461,26.333441779650745,2025-06-02 10:43:09
929.1877494815466,1019.8832701365051,41.27004844368873,27.08453654329115,2025-06-02 10:43:12
103.82373790385265,1026.580033700527,40.63305395007825,26.958437425108894,2025-06-02 10:43:15
-109.43739767543582,941.9825140492128,43.943811523319795,28.322724433470515,2025-06-02 10:43:18
558.2404408196585,947.0170856770739,43.080778900199164,26.91561200484457,2025-06-02 10:43:21
356.446947932644,973.1202979824998,43.41253736178078,26.824735558291042,2025-06-02 10:43:24
-1414.24327119918,1009.9629851540444,43.17722141615668,27.49872017383893,2025-06-02 10:43:27
512.9251953326329,991.93255022498,41.16841361051222,26.944845568750324,2025-06-02 10:43:30
337.7222852311738,964.9196726672618,42.36592635441261,27.212993137747375,2025-06-02 10:43:33
1332.4796384273868,1014.3248460802635,42.72926785631521,27.826494470256122,2025-06-02 10:43:36
-191.21826802727992,973.0328491343224,43.57685760354623,28.003986604745037,2025-06-02 10:43:39
715.8398245738802,1040.0591399884268,41.99325721742043,27.72583364438473,2025-06-02 10:43:42
-120.2664092358508,945.9780996744755,43.682392392402676,27.399685882262666,2025-06-02 10:43:45
-201.46551586753037,955.3288667432275,42.89831742469686,26.968010294826556,2025-06-02 10:43:48
1510.0619441505632,974.9840313205295,42.986230628839266,27.498875552428824,2025-06-02 10:43:51
661.7598809515191,1024.127629841479,43.03381013473086,26.79107155194013,2025-06-02 10:43:54
-106.94941501626352,987.500452082691,41.68984319850397,27.4448793420637,2025-06-02 10:43:57
1077.2744365094534,992.7756874506641,42.29639280372711,27.78281213705965,2025-06-02 10:44:00
2014.502236820265,1018.4323051016286,41.92532587640702,27.41699074156049,2025-06-02 10:44:03
338.4995097116356,995.248451363697,42.0563279209801,28.353709860724067,2025-06-02 10:44:06
1230.200160864437,928.4649011374871,41.441368993777736,26.6783524412056,2025-06-02 10:44:09
1973.6202153528548,959.3748923836105,42.04078827605941,27.583206283128746,2025-06-02 10:44:12
758.8595284029753,979.0939693175552,43.73058000207738,26.771256106473224,2025-06-02 10:44:15
36.72099051082091,1007.9608009702811,41.134588837218274,27.257086700367307,2025-06-02 10:44:18
-422.04007073810544,969.4744538880439,41.54857280812264,27.602593778874486,2025-06-02 10:44:21
820.4378195944051,964.4827553654459,42.395372570667156,27.055824286747043,2025-06-02 10:44:24
1917.5581118539858,961.8381524487163,43.05713337517768,27.503139594340126,2025-06-02 10:44:27
2291.056051211636,941.7934877318622,42.45701789241285,28.108529520127348,2025-06-02 10:44:30
45.91503860284524,993.7767269421008,39.43770658621285,27.22218374700765,2025-06-02 10:44:33
434.9441442894144,970.9568325766943,41.09168079381137,27.1038903033876,2025-06-02 10:44:36
483.5591145452064,992.1324517656136,41.88818019568861,27.99624923890618,2025-06-02 10:44:39
42.794796528790584,1002.1141619075051,42.397421289895995,26.89064197725379,2025-06-02 10:44:42
868.9745354988781,997.1500861262114,42.66169890365114,26.661280045234594,2025-06-02 10:44:45
1781.9945104368367,993.4194575357458,42.18075701654176,27.329863814834553,2025-06-02 10:44:48
126.44492317927597,999.2731074592274,42.65281992762522,27.30585546044361,2025-06-02 10:44:51
495.060216974864,978.7320656981772,42.214885404610975,27.083743474554804,2025-06-02 10:44:54
811.8232927072778,1013.1638270159642,42.627567575792334,26.41876273413363,2025-06-02 10:44:57
1210.0782174754577,917.9598793555831,42.34092374384007,27.421634527597092,2025-06-02 10:45:00
583.342857401745,966.9489102163637,43.34509754439596,27.605460295671236,2025-06-02 10:45:03
-119.2178190041891,1001.3490488506749,40.784723807429096,27.474379158787634,2025-06-02 10:45:06
688.5767716599311,903.5721378873363,41.29872218228279,26.612187926453583,2025-06-02 10:45:09
1253.9806356412785,930.0535634755443,41.86387876153259,26.81264418229817,2025-06-02 10:45:12
-237.73097106960222,967.4249934204335,42.12839764228814,28.069902265261018,2025-06-02 10:45:15
1045.8235748442066,1051.911019702475,40.21903510972948,26.877212025091684,2025-06-02 10:45:18
-182.61202545624985,995.4339092022069,41.88461847413806,26.931878196484444,2025-06-02 10:45:21
249.81138276935593,951.792083225723,41.26724501544828,27.63023312313731,2025-06-02 10:45:24
759.0858341792255,926.9128128624582,43.76436330947104,27.23349955316515,2025-06-02 10:45:27
558.1288018874658,998.5670268397067,41.54452835607804,27.238863539969362,2025-06-02 10:45:30
700.4237508568427,975.6367198869553,43.30639280595956,27.688486580070258,2025-06-02 10:45:33
43.03261200273096,966.7916182175587,42.48779861802813,26.73773681186494,2025-06-02 10:45:36
-41.61311873684565,917.4431132111996,44.23439152764729,27.37116245709521,2025-06-02 10:45:39
535.0367595394155,995.7529156146858,42.63529112999233,27.65320295026347,2025-06-02 10:45:42
-51.3548165594334,979.7026565490555,42.83065152259155,27.78006396128777,2025-06-02 10:45:45
-72.95316459137507,996.5938609073113,41.81095452704332,26.88647510968918,2025-06-02 10:45:48
890.4797183925102,960.0561381613393,43.187595360226325,27.058228701334095,2025-06-02 10:45:51
260.44383026879007,1020.378879879478,42.89588797682006,26.935467304971734,2025-06-02 10:45:54
1063.812288889764,1048.9385600854926,41.67019227414314,27.138036687718113,2025-06-02 10:45:57
1114.7831684023276,990.6480056316759,41.716448969724816,27.53034832770903,2025-06-02 10:46:00
2055.155897961598,1011.3635572486272,42.45898402887986,27.08538011584425,2025-06-02 10:46:03
209.82076234482759,962.9982828703063,42.20349396470706,27.38951805982638,2025-06-02 10:46:06
139.74264967313644,947.2710489977184,41.84139780155465,27.744221351520533,2025-06-02 10:46:09
1647.0366382037023,979.9386751954682,42.73138897533469,27.271284476252973,2025-06-02 10:46:12
551.7086358882384,1004.8654170005309,42.755706019997355,27.124035383986495,2025-06-02 10:46:15
863.0370842102839,921.2436889516075,43.86851274229772,27.674855068102218,2025-06-02 10:46:18
725.824853904873,946.7852358881916,43.27709721118122,26.97901089010875,2025-06-02 10:46:21
371.08564160678316,990.5062128584512,41.460537282817924,27.05366052511082,2025-06-02 10:46:24
1033.702336125466,1004.7055555828167,40.69845377878588,27.32994074307069,2025-06-02 10:46:27
780.3582554949013,982.760702897438,41.616614941019826,27.195013439720213,2025-06-02 10:46:30
-427.0332559071859,1015.6943063457873,44.59639289086117,26.323852521348023,2025-06-02 10:46:33
548.9645722553577,984.6485421744022,41.7420049493166,27.718476313519105,2025-06-02 10:46:36
266.93804074294906,954.843268844,41.166047269777565,28.16138299434691,2025-06-02 10:46:39
-305.1348119420959,964.2810751189385,41.4373502882944,26.497103801971544,2025-06-02 10:46:42
202.59146006260414,983.3085940422945,42.2662252664287,27.351151468963206,2025-06-02 10:46:45
76.24989565093824,1002.6133813086075,40.69463779198354,27.49855698165579,2025-06-02 10:46:48
-773.6013303487288,979.4061241799785,42.83031776017221,28.771495768236594,2025-06-02 10:46:51
828.3707936819396,1000.4760647976074,40.48029441884143,27.924135254195317,2025-06-02 10:46:54
1018.0772694391011,971.1931025881396,41.605438365954086,27.628770745933586,2025-06-02 10:46:57
1033.9738551801142,1006.0170895611132,42.96921882768556,26.425030272743953,2025-06-02 10:47:00
1356.0902813982857,966.6783953074874,42.60458365032762,27.428917273483954,2025-06-02 10:47:03
661.6716852483245,988.9433826887332,41.98697146027425,28.49152280701376,2025-06-02 10:47:06
596.3820094839851,1003.1580969684339,43.153649587001816,27.70580078450219,2025-06-02 10:47:09
1845.87278843688,980.6595123045389,42.94301418602953,27.553209015020563,2025-06-02 10:47:12
222.78749603634935,1009.5297223681586,41.428301926270095,27.405819096025102,2025-06-02 10:47:15
1289.6337101746637,1025.279079005304,42.11771180808003,27.357046117207553,2025-06-02 10:47:18
-156.39394766114071,999.779908317867,43.29711186257031,27.776663685661944,2025-06-02 10:47:21
-682.764478952292,951.2132938579733,40.92925222104742,27.894878357024346,2025-06-02 10:47:24
-597.3190426251784,995.4056951470968,42.88543220351669,26.397572495338288,2025-06-02 10:47:27
718.7847327785867,1011.2881506334119,42.629123029689374,26.523201281248515,2025-06-02 10:47:30
-319.196687549869,940.922017201728,41.58696946899098,27.128024786846694,2025-06-02 10:47:33
735.2989763305845,1040.6152905953843,43.79608388871756,27.48134738503584,2025-06-02 10:47:36
-114.4552611440929,990.35470328715,42.214540837055175,27.1537506737878,2025-06-02 10:47:39
1639.298754063621,966.4669415852635,40.90587029236476,28.10403466260525,2025-06-02 10:47:42
11.773640679885375,975.3292520383121,42.57965722241051,27.908381595916758,2025-06-02 10:47:45
46.96688859223502,981.8822846169065,42.538607064936535,27.081606562307268,2025-06-02 10:47:48
836.9291799044465,1035.7508677949347,40.41436702959292,26.624970215272366,2025-06-02 10:47:51
-361.0397282279464,1023.6917989465433,41.627973240495415,26.590666888618323,2025-06-02 10:47:54
713.7043214039123,981.455028656048,44.607116976850726,28.015930972784364,2025-06-02 10:47:57
524.0603363782111,996.222173710501,44.67394338042828,27.04347005094342,2025-06-02 10:48:00
64.86480173654672,944.1809562661384,40.297235548395534,27.717797251204836,2025-06-02 10:48:03
1692.4563197065086,1012.7878420034193,41.95384467917037,26.876214594436078,2025-06-02 10:48:06
688.3658917537864,1021.8108976362106,43.155523928732066,28.14117447050833,2025-06-02 10:48:09
1139.9312219563021,1013.9600852543529,44.49209567862765,27.652634177529972,2025-06-02 10:48:12
-997.7382272679796,1011.8504052578264,43.41701889709678,28.49520658259108,2025-06-02 10:48:15
1146.9957264889756,989.9290019260287,39.263282293226816,26.901756140868798,2025-06-02 10:48:18
1680.461233786722,964.2812735817065,42.30322117694723,28.013711715449592,2025-06-02 10:48:21
783.2217886792922,919.8688892031857,42.06200045897319,27.838594606886666,2025-06-02 10:48:24
256.7771292379389,1029.3850723057326,42.15599188585068,27.541251378337257,2025-06-02 10:48:27
1674.0058526291864,956.4083793970971,43.50456993922713,26.99807803246631,2025-06-02 10:48:30
1633.4557506135839,969.9930399901257,43.15655846692917,27.57660962759683,2025-06-02 10:48:33
494.86640922515363,977.5258436336569,43.49842361013102,27.347397155698182,2025-06-02 10:48:36
-315.49754721203533,975.7461266226542,42.238830627766184,27.154272536967888,2025-06-02 10:48:39
832.0886397903394,976.9200581368066,41.52016925383938,27.45144440225583,2025-06-02 10:48:42
-79.85515367660548,981.3109217534245,42.84898940212317,27.718643233432736,2025-06-02 10:48:45
341.579930165104,965.0001522059325,40.94887186378549,27.258620905748288,2025-06-02 10:48:48
1725.692319240481,1053.6854812148579,42.37299982882723,27.77833995673472,2025-06-02 10:48:51
-313.5216708745387,991.3443825419894,39.97915590301746,26.813756373309925,2025-06-02 10:48:54
888.6532768278599,947.5540770355906,42.27010810458705,27.22681959943866,2025-06-02 10:48:57
1135.3983047638485,970.5885759718321,42.83390652612575,26.67722542738554,2025-06-02 10:49:00
2132.426017474336,997.9713360968551,43.85586670747315,27.378871398817076,2025-06-02 10:49:03
476.17725229146447,970.2249903887871,43.006961896403666,27.602705548588947,2025-06-02 10:49:06
-349.53988146560755,1012.5681433999113,42.78000709226839,27.734750089914083,2025-06-02 10:49:09
-174.08681284823763,986.1684848340852,41.976700095316666,27.64046176254106,2025-06-02 10:49:12
578.9206201422029,986.3180185492878,41.45503018448132,28.11964378206902,2025-06-02 10:49:15
626.869410462697,977.0780785541982,40.78606718019267,27.360510055879104,2025-06-02 10:49:18
1370.4036076227203,981.3143933069917,43.837047821726095,27.972145058985216,2025-06-02 10:49:21
442.09784424701706,999.7286338332176,41.911728534455,26.782680956659412,2025-06-02 10:49:24
32.84872471530218,996.6384620263161,41.11535805253781,26.860752876823394,2025-06-02 10:49:27
544.2815561531265,978.7274934439312,42.95941240157283,27.838987682124507,2025-06-02 10:49:30
336.5213661691489,971.0062432847401,40.08965431967232,27.283740198862294,2025-06-02 10:49:33
288.8278932706229,973.9349619036303,42.386715211486624,27.84035257786023,2025-06-02 10:49:36
848.9375882472063,962.243579313912,40.78595798744934,26.583098452927047,2025-06-02 10:49:39
966.0643094361455,962.7496475999142,41.851005845546254,27.130548316741162,2025-06-02 10:49:42
833.6232971906562,960.4028795857171,43.250240338323074,27.709900121674572,2025-06-02 10:49:45
260.32857427087254,961.3281138749775,40.68712038793571,27.423370035516303,2025-06-02 10:49:48
517.0118358888748,953.6534096271806,41.880000011982034,27.692358052771535,2025-06-02 10:49:51
-534.678339398252,1031.666872569355,43.47887934754085,27.18659957569822,2025-06-02 10:49:54
406.47855460054564,997.9741626424194,42.6775642392486,26.74020931863641,2025-06-02 10:49:57
485.55065155695837,980.1049000244267,42.18714516121686,27.16631569283533,2025-06-02 10:50:00
-347.0589133738538,937.4366753564285,44.36324104874657,27.318795090881885,2025-06-02 10:50:03
1518.0137000641262,1003.8377935542732,43.86330090880648,28.046083479491294,2025-06-02 10:50:06
1871.9855705053278,998.9025058409682,43.228451532944014,27.914234553465736,2025-06-02 10:50:09
-581.596361536757,983.9370344381533,42.4014155621656,27.854625086354837,2025-06-02 10:50:12
694.0685081803018,1017.9225164385653,43.10120853476496,27.626697521812126,2025-06-02 10:50:15
345.93742403088424,1021.3124312580687,39.952895041137594,27.513586381540605,2025-06-02 10:50:18
-177.90527613341874,1055.6553390988495,42.96207108088393,27.92692131121147,2025-06-02 10:50:21
1699.779166730406,1018.7840467818235,41.6957248030871,28.151884708135874,2025-06-02 10:50:24
561.6483347653236,946.9155311465536,42.37026081725165,26.89270329965877,2025-06-02 10:50:27
745.6498728378253,943.2138224818589,41.97554335422756,27.74455939467549,2025-06-02 10:50:30
284.32840233834605,997.6606531287813,43.10337339217669,27.45049164209103,2025-06-02 10:50:33
471.869614285975,972.771894180494,41.56959235648255,27.889809255221188,2025-06-02 10:50:36
461.546606962134,956.3738191215323,42.021108405935806,27.373006935592013,2025-06-02 10:50:39
1793.5091762594716,983.8549044324642,41.06283850482283,27.582100065968085,2025-06-02 10:50:42
550.4284205376242,974.7107191550263,42.256785156560724,26.39653337936597,2025-06-02 10:50:45
781.0710711637568,1014.1945707780642,42.84472232600006,27.507498767888396,2025-06-02 10:50:48
-371.9056566048114,1015.8047246333722,42.29710753102975,27.9027493983207,2025-06-02 10:50:51
1215.189822984902,987.4467233945442,42.53519535202741,27.592450510851492,2025-06-02 10:50:54
572.5074649840077,1006.5682530192013,42.39731660041753,27.672490876573733,2025-06-02 10:50:57
373.0813332796772,1003.2911759938323,45.00762761375196,27.188349293386608,2025-06-02 10:51:00
842.761900127307,937.6659876680133,43.71460169919265,27.654977185900016,2025-06-02 10:51:03
-88.69951459381821,973.4137614668184,42.93481020180046,27.528093144221206,2025-06-02 10:51:06
385.6044904130465,977.9594171787356,42.151685310328794,27.745173113692083,2025-06-02 10:51:09
-876.9197361982202,953.3017601479477,41.34244693425757,28.11581080945623,2025-06-02 10:51:12
1202.883331262399,997.4720802875769,41.73900460832739,27.339553790485507,2025-06-02 10:51:15
411.08512676903865,985.7138577036116,42.3160347485677,27.559007731049213,2025-06-02 10:51:18
711.15481305676,1053.2348413310385,40.458607534777066,27.747874296906954,2025-06-02 10:51:21
483.58784048207286,1003.6369096770467,42.72123558963022,27.610181907096973,2025-06-02 10:51:24
696.7446263225133,999.2879134608834,42.51396562536612,27.560361813269054,2025-06-02 10:51:27
571.8538368096537,969.7182312514686,40.005505658931604,27.468529211872323,2025-06-02 10:51:30
946.3487521996133,915.395190864484,41.06596136706883,27.41659415186452,2025-06-02 10:51:33
736.1888297125261,983.58605711605,43.19325172520448,27.680105242319073,2025-06-02 10:51:36
-303.85514262340325,1000.9714367288555,42.39082969042939,26.363605968671315,2025-06-02 10:51:39
554.6438187741373,989.8374619423242,40.59036864932299,27.669145906076924,2025-06-02 10:51:42
-23.435489504884572,980.6975756966364,42.69235448130257,27.08258799241312,2025-06-02 10:51:45
1141.321058546955,976.7743632155336,41.61167920001615,27.1173670836934,2025-06-02 10:51:48
437.7578188219437,1004.0554321818114,42.90938679237131,27.72342663392429,2025-06-02 10:51:51
1.0711942352479582,995.3416025046614,42.449300426263044,27.833224134620416,2025-06-02 10:51:54
-142.83368115717155,1015.3894783200537,41.83379681264083,27.26806548018663,2025-06-02 10:51:57
1559.8495276392932,1013.4320600835624,44.06514948349856,25.95663756455524,2025-06-02 10:52:00
777.7282305312985,992.7466746322626,42.979047725721124,27.995957683578883,2025-06-02 10:52:03
1372.5965421269252,977.7870468993596,41.29764889471334,27.565202408876058,2025-06-02 10:52:06
508.5743405515608,995.2747436508943,41.925652546995835,26.628221668450966,2025-06-02 10:52:09
1428.6202044954716,974.3117065250739,43.71061913599946,26.47312139718405,2025-06-02 10:52:12
-483.7957405216315,1005.1745917024454,41.64380803092541,27.794020116875284,2025-06-02 10:52:15
-1330.6384827780494,1054.1868866131404,41.643569177345974,27.49424827975529,2025-06-02 10:52:18
551.3663346081676,974.6963916007741,40.56971581354569,28.117511604226014,2025-06-02 10:52:21
1239.5539333037793,1010.4587365307491,43.16063243862463,26.97392576883259,2025-06-02 10:52:24
851.95535408351,1001.8842649975928,43.231135111323006,27.18984552868628,2025-06-02 10:52:27
28.116401660821793,996.0535787003648,42.75555477810032,27.764613122079442,2025-06-02 10:52:30
850.5026668641494,1015.156244402462,42.46603146394191,27.773905304513423,2025-06-02 10:52:33
-49.541346657460736,1043.4260258534505,43.84900132822151,27.32914088134881,2025-06-02 10:52:36
207.05634993641468,966.1231310195404,39.829018408810015,26.59690352975952,2025-06-02 10:52:39
